customer_id,customer_name,segment,industry
C00001,Olivia Brown,Retail,Retail
C00002,Sneha Reddy,Retail,IT
C00003,Aarav Sharma,Government,Healthcare
C00004,David Wilson,Government,Healthcare
C00005,John Singh,Enterprise,Retail
C00006,Karthik Verma,SMB,Finance
C00007,Aarav Singh,Retail,Finance
C00008,Nisha Anderson,Retail,Finance
C00009,Nisha Thomas,Retail,Finance
C00010,Neha Thomas,Retail,Healthcare
C00011,Noah Brown,SMB,Finance
C00012,Rahul Joshi,Government,Retail
C00013,Vivaan Brown,Enterprise,Finance
C00014,Sophia Thomas,Retail,Finance
C00015,Liam Reddy,Enterprise,Retail
C00016,Priya Joshi,SMB,Healthcare
C00017,Ananya Sharma,Enterprise,Finance
C00018,Divya Taylor,Retail,Retail
C00019,Neha Nair,SMB,Finance
C00020,Pooja Singh,Government,Finance
C00021,Divya Nair,Enterprise,Finance
C00022,Pooja Verma,Retail,Finance
C00023,Divya Williams,Retail,Healthcare
C00024,Ananya Gupta,SMB,IT
C00025,Michael Taylor,SMB,IT
C00026,Vikram Joshi,Retail,Finance
C00027,Karthik Patel,Enterprise,Retail
C00028,Rahul Gupta,SMB,Retail
C00029,Kavya Johnson,Government,Retail
C00030,Vikram Sharma,Government,Healthcare
C00031,Noah Iyer,Government,Finance
C00032,Priya Brown,Enterprise,Retail
C00033,Rahul Smith,SMB,Healthcare
C00034,Nisha Taylor,SMB,IT
C00035,Daniel Brown,Retail,Finance
C00036,John Smith,Retail,Finance
C00037,Ananya Verma,Enterprise,IT
C00038,Vivaan Sharma,Retail,Healthcare
C00039,Divya Smith,Enterprise,Healthcare
C00040,Daniel Gupta,Retail,IT
C00041,Rohan Anderson,Retail,Finance
C00042,Sneha Sharma,Government,Retail
C00043,Sophia Johnson,Enterprise,Healthcare
C00044,Vivaan Taylor,SMB,Finance
C00045,John Williams,SMB,Healthcare
C00046,Vikram Nair,Retail,Healthcare
C00047,Nisha Anderson,SMB,Retail
C00048,Daniel Williams,Retail,IT
C00049,David Williams,Enterprise,Finance
C00050,Emily Williams,Enterprise,Retail
C00051,Sarah Joshi,Enterprise,IT
C00052,Kavya Smith,Enterprise,Retail
C00053,Aisha Brown,SMB,Retail
C00054,John Patel,Retail,Healthcare
C00055,Rohan Miller,SMB,Retail
C00056,Aisha Taylor,SMB,Healthcare
C00057,Ananya Singh,SMB,Finance
C00058,Arjun Wilson,Government,Retail
C00059,Aarav Thomas,Enterprise,Finance
C00060,Aarav Reddy,Retail,IT
C00061,Pooja Smith,SMB,IT
C00062,Meera Kumar,Retail,IT
C00063,Sai Davis,Government,Retail
C00064,Karthik Williams,SMB,Retail
C00065,Sneha Smith,SMB,Healthcare
C00066,David Johnson,Government,IT
C00067,Olivia Thomas,SMB,Finance
C00068,Neha Sharma,Retail,Healthcare
C00069,Karthik Anderson,Enterprise,Healthcare
C00070,Pooja Patel,Enterprise,Healthcare
C00071,Karthik Williams,Government,Healthcare
C00072,Emily Reddy,SMB,Retail
C00073,Liam Johnson,Government,IT
C00074,Sarah Miller,Government,Healthcare
C00075,Rohan Joshi,Enterprise,Healthcare
C00076,Daniel Patel,Retail,Finance
C00077,Liam Joshi,Government,Healthcare
C00078,Michael Sharma,Enterprise,IT
C00079,Harish Davis,SMB,Retail
C00080,Sneha Smith,Retail,Retail
C00081,Divya Joshi,SMB,IT
C00082,Olivia Thomas,SMB,Healthcare
C00083,Noah Iyer,Government,Finance
C00084,John Brown,Retail,Healthcare
C00085,Aarav Sharma,Retail,Finance
C00086,Rahul Davis,SMB,Retail
C00087,David Wilson,SMB,Finance
C00088,Rohan Joshi,SMB,Finance
C00089,John Gupta,Government,Retail
C00090,Sneha Williams,Government,Finance
C00091,Vivaan Singh,Enterprise,Finance
C00092,Liam Sharma,Government,Healthcare
C00093,Liam Patel,Retail,Finance
C00094,John Joshi,Government,Finance
C00095,David Nair,Enterprise,IT
C00096,Vikram Taylor,Government,Retail
C00097,Daniel Taylor,Government,Retail
C00098,Neha Smith,Government,Healthcare
C00099,Aisha Iyer,Government,Healthcare
C00100,Emily Anderson,Retail,Healthcare
C00101,Michael Davis,Government,Finance
C00102,Sarah Anderson,SMB,IT
C00103,Vikram Johnson,Government,Healthcare
C00104,Vikram Gupta,Retail,IT
C00105,Kavya Patel,Retail,Finance
C00106,Karthik Brown,Retail,Finance
C00107,Sai Taylor,SMB,Finance
C00108,Ananya Anderson,Enterprise,Finance
C00109,Vivaan Davis,Government,Retail
C00110,Neha Smith,SMB,Retail
C00111,Michael Miller,Retail,Retail
C00112,Vivaan Iyer,Retail,Finance
C00113,Vivaan Sharma,Government,IT
C00114,Daniel Williams,SMB,Healthcare
C00115,Daniel Davis,Government,IT
C00116,Meera Johnson,SMB,Healthcare
C00117,Kavya Davis,SMB,Finance
C00118,Meera Sharma,Government,Finance
C00119,John Patel,SMB,IT
C00120,John Williams,Government,Healthcare
C00121,Daniel Williams,SMB,Finance
C00122,Rahul Sharma,Government,Healthcare
C00123,Aarav Davis,Retail,IT
C00124,Aisha Williams,Retail,Retail
C00125,Harish Reddy,Retail,IT
C00126,Vikram Anderson,Retail,Healthcare
C00127,Michael Sharma,Enterprise,IT
C00128,Priya Brown,Enterprise,Retail
C00129,Nisha Smith,SMB,Retail
C00130,Sneha Johnson,SMB,Finance
C00131,Neha Iyer,Retail,Healthcare
C00132,Michael Johnson,Retail,Retail
C00133,Sarah Reddy,SMB,IT
C00134,Rahul Johnson,Government,Healthcare
C00135,Harish Kumar,Retail,Retail
C00136,David Williams,Enterprise,Retail
C00137,Ananya Reddy,Enterprise,Healthcare
C00138,Priya Anderson,Enterprise,IT
C00139,Sophia Reddy,Enterprise,Healthcare
C00140,Sophia Kumar,SMB,IT
C00141,David Anderson,Retail,Finance
C00142,Pooja Miller,Retail,Finance
C00143,Nisha Kumar,Retail,Retail
C00144,Priya Sharma,SMB,Finance
C00145,Neha Patel,Retail,Finance
C00146,Sophia Miller,Retail,Finance
C00147,Noah Patel,Enterprise,Finance
C00148,Michael Thomas,Government,Finance
C00149,Sophia Iyer,SMB,Retail
C00150,Vivaan Williams,Retail,Finance
C00151,Harish Nair,Enterprise,Healthcare
C00152,Rahul Reddy,Enterprise,Healthcare
C00153,Olivia Patel,Government,IT
C00154,Daniel Anderson,Government,Healthcare
C00155,Pooja Williams,Enterprise,Finance
C00156,Nisha Singh,SMB,Finance
C00157,Divya Taylor,Retail,IT
C00158,Sneha Brown,Retail,Finance
C00159,Emily Taylor,Enterprise,IT
C00160,Vivaan Miller,Enterprise,IT
C00161,Ananya Wilson,SMB,IT
C00162,Arjun Thomas,Retail,Retail
C00163,Sai Patel,SMB,Finance
C00164,Sai Thomas,Enterprise,IT
C00165,Liam Wilson,SMB,Finance
C00166,Rahul Williams,SMB,Finance
C00167,Karthik Davis,Enterprise,Finance
C00168,Michael Nair,Enterprise,Retail
C00169,Pooja Anderson,Enterprise,Healthcare
C00170,Harish Miller,Government,Finance
C00171,Olivia Wilson,Retail,Healthcare
C00172,Vivaan Thomas,Enterprise,Retail
C00173,Sneha Thomas,Enterprise,IT
C00174,Kavya Taylor,Retail,Healthcare
C00175,Sneha Davis,Retail,Retail
C00176,Sarah Singh,Government,Healthcare
C00177,Arjun Wilson,SMB,Finance
C00178,Nisha Patel,Government,Finance
C00179,Sarah Nair,Retail,Retail
C00180,Vikram Smith,Retail,Healthcare
C00181,Vivaan Gupta,Retail,Retail
C00182,Noah Verma,Government,IT
C00183,Sneha Thomas,Government,Retail
C00184,Olivia Thomas,SMB,Retail
C00185,Ananya Anderson,SMB,Retail
C00186,Kavya Patel,SMB,Retail
C00187,Sai Patel,Retail,Finance
C00188,Sarah Verma,Enterprise,Healthcare
C00189,Aditya Wilson,Retail,Retail
C00190,Liam Verma,Government,Healthcare
C00191,Aarav Sharma,SMB,IT
C00192,Ananya Singh,SMB,IT
C00193,Vikram Kumar,Government,Finance
C00194,Ananya Anderson,Enterprise,IT
C00195,Noah Anderson,Retail,Finance
C00196,Karthik Iyer,Government,IT
C00197,Sneha Brown,Government,IT
C00198,Harish Thomas,Retail,Finance
C00199,Noah Iyer,Retail,Finance
C00200,Sai Gupta,Enterprise,IT
C00201,Neha Gupta,Government,Retail
C00202,Liam Smith,Enterprise,Healthcare
C00203,David Smith,SMB,Finance
C00204,Karthik Davis,Government,Retail
C00205,Sneha Reddy,Enterprise,Retail
C00206,Arjun Davis,Enterprise,IT
C00207,Aisha Miller,Retail,Healthcare
C00208,Rohan Iyer,Enterprise,Finance
C00209,Sophia Thomas,Enterprise,Retail
C00210,Michael Patel,Retail,Retail
C00211,Olivia Johnson,Government,Healthcare
C00212,John Johnson,Retail,Finance
C00213,Rohan Miller,Retail,IT
C00214,Pooja Iyer,SMB,Healthcare
C00215,Karthik Joshi,Government,Retail
C00216,Nisha Thomas,Retail,Retail
C00217,Aditya Sharma,Enterprise,Retail
C00218,Nisha Anderson,Retail,Healthcare
C00219,Sneha Wilson,Enterprise,Finance
C00220,Vikram Smith,Government,IT
C00221,Sophia Smith,Enterprise,Finance
C00222,Sophia Brown,Government,IT
C00223,Divya Anderson,SMB,Healthcare
C00224,Ananya Verma,Government,Healthcare
C00225,Michael Sharma,Retail,Finance
C00226,Daniel Anderson,SMB,Finance
C00227,Noah Nair,Retail,Retail
C00228,John Gupta,Enterprise,Retail
C00229,Aditya Nair,Government,IT
C00230,Pooja Reddy,Enterprise,Finance
C00231,John Reddy,Government,Retail
C00232,Pooja Gupta,SMB,IT
C00233,Daniel Kumar,Enterprise,Healthcare
C00234,Neha Williams,SMB,Retail
C00235,Ananya Miller,Enterprise,Finance
C00236,Vikram Kumar,SMB,Finance
C00237,Karthik Taylor,Government,Retail
C00238,Michael Miller,Enterprise,Finance
C00239,Harish Brown,Government,Healthcare
C00240,Vikram Verma,Retail,Finance
C00241,John Miller,Retail,IT
C00242,Karthik Smith,Retail,IT
C00243,Aarav Patel,SMB,IT
C00244,John Singh,Retail,Healthcare
C00245,Michael Gupta,Government,IT
C00246,Sophia Wilson,Government,Retail
C00247,Vikram Sharma,Government,IT
C00248,Aisha Verma,Retail,Healthcare
C00249,Pooja Johnson,Government,IT
C00250,Rohan Verma,SMB,IT
C00251,Neha Miller,SMB,Healthcare
C00252,Liam Nair,SMB,Finance
C00253,Emily Sharma,Government,Retail
C00254,Rahul Iyer,Retail,Retail
C00255,Pooja Patel,Government,Finance
C00256,Kavya Patel,Retail,IT
C00257,John Reddy,SMB,Healthcare
C00258,Michael Singh,Retail,Healthcare
C00259,Olivia Sharma,Government,Healthcare
C00260,Michael Miller,Retail,IT
C00261,Rohan Verma,Enterprise,Retail
C00262,Neha Sharma,Retail,Healthcare
C00263,Arjun Davis,Retail,Retail
C00264,David Nair,Government,Retail
C00265,Daniel Gupta,Retail,IT
C00266,Ananya Taylor,Government,IT
C00267,Vivaan Williams,Government,Retail
C00268,Harish Joshi,SMB,Healthcare
C00269,Sneha Davis,Retail,Retail
C00270,Meera Thomas,SMB,Healthcare
C00271,Kavya Patel,Retail,Healthcare
C00272,Sneha Verma,Government,Retail
C00273,Pooja Nair,Enterprise,Retail
C00274,Liam Smith,SMB,Finance
C00275,Sneha Verma,Retail,Finance
C00276,Liam Joshi,Enterprise,Retail
C00277,Pooja Verma,Retail,Healthcare
C00278,Sarah Anderson,SMB,Finance
C00279,Kavya Joshi,Government,IT
C00280,David Johnson,Retail,Healthcare
C00281,Aditya Reddy,SMB,Healthcare
C00282,John Gupta,Retail,Finance
C00283,Sophia Iyer,SMB,Retail
C00284,Olivia Verma,Enterprise,Healthcare
C00285,Rohan Taylor,SMB,Retail
C00286,David Taylor,Government,Finance
C00287,Sophia Joshi,Retail,Healthcare
C00288,Vikram Patel,Government,IT
C00289,Divya Joshi,Retail,Retail
C00290,Olivia Iyer,Government,Finance
C00291,Priya Joshi,Retail,Healthcare
C00292,Daniel Smith,Retail,Finance
C00293,Neha Patel,Retail,Retail
C00294,Karthik Miller,Retail,Finance
C00295,John Joshi,SMB,Finance
C00296,Meera Gupta,Government,Healthcare
C00297,Aditya Miller,SMB,Retail
C00298,Aditya Kumar,Government,Healthcare
C00299,Noah Anderson,Government,Healthcare
C00300,Arjun Kumar,Retail,IT
C00301,Rohan Smith,Enterprise,Retail
C00302,Priya Joshi,SMB,IT
C00303,Emily Patel,Enterprise,Healthcare
C00304,Sneha Iyer,Retail,Healthcare
C00305,Nisha Taylor,SMB,Finance
C00306,Divya Johnson,Government,IT
C00307,Noah Singh,Enterprise,Healthcare
C00308,Kavya Joshi,SMB,Healthcare
C00309,Kavya Kumar,SMB,Finance
C00310,Divya Taylor,Government,Healthcare
C00311,Sarah Miller,SMB,Healthcare
C00312,Liam Singh,SMB,Finance
C00313,John Nair,Government,Retail
C00314,Arjun Davis,Enterprise,IT
C00315,Noah Nair,Retail,Retail
C00316,Aditya Brown,SMB,IT
C00317,Sneha Miller,Enterprise,Retail
C00318,Aditya Patel,Enterprise,Healthcare
C00319,Rahul Brown,SMB,Healthcare
C00320,Vivaan Davis,SMB,IT
C00321,Pooja Smith,Enterprise,Healthcare
C00322,Sophia Thomas,SMB,Retail
C00323,Aisha Reddy,SMB,Finance
C00324,Vikram Miller,Enterprise,Finance
C00325,Nisha Johnson,Enterprise,IT
C00326,Divya Reddy,Retail,Finance
C00327,Michael Thomas,SMB,Retail
C00328,Priya Nair,Retail,Finance
C00329,Aisha Joshi,Retail,Healthcare
C00330,Arjun Kumar,Government,Finance
C00331,Pooja Davis,SMB,Finance
C00332,Priya Anderson,Enterprise,Retail
C00333,Pooja Sharma,SMB,Retail
C00334,Divya Joshi,SMB,Finance
C00335,Sarah Kumar,Government,Retail
C00336,Priya Gupta,Government,Finance
C00337,Aisha Thomas,Retail,IT
C00338,Harish Johnson,Enterprise,Healthcare
C00339,Harish Gupta,Retail,IT
C00340,Aditya Johnson,Retail,IT
C00341,Sneha Sharma,Retail,IT
C00342,Olivia Brown,Enterprise,Healthcare
C00343,Emily Wilson,SMB,IT
C00344,Pooja Miller,Retail,Retail
C00345,Sarah Verma,Retail,Retail
C00346,Priya Verma,SMB,Finance
C00347,Ananya Johnson,SMB,Finance
C00348,Pooja Iyer,Retail,Healthcare
C00349,Rahul Thomas,Enterprise,Finance
C00350,Meera Brown,Government,Retail
C00351,Nisha Smith,Retail,Retail
C00352,Liam Wilson,Retail,Retail
C00353,Aisha Reddy,SMB,Finance
C00354,Sarah Joshi,SMB,Healthcare
C00355,Divya Anderson,Retail,Finance
C00356,Sai Nair,SMB,Healthcare
C00357,Priya Joshi,Enterprise,Healthcare
C00358,Kavya Singh,Enterprise,Finance
C00359,Neha Kumar,SMB,IT
C00360,Rahul Johnson,Enterprise,IT
C00361,Rohan Verma,Government,IT
C00362,Priya Williams,Government,Healthcare
C00363,Kavya Sharma,Enterprise,IT
C00364,Noah Smith,Enterprise,Finance
C00365,Kavya Joshi,Enterprise,Healthcare
C00366,David Singh,SMB,IT
C00367,Ananya Wilson,SMB,Retail
C00368,Ananya Patel,SMB,Retail
C00369,Kavya Thomas,Retail,IT
C00370,Daniel Williams,Government,Healthcare
C00371,Kavya Smith,SMB,Retail
C00372,Kavya Kumar,Enterprise,IT
C00373,Aisha Joshi,SMB,Finance
C00374,Sophia Smith,Enterprise,Retail
C00375,Michael Gupta,Enterprise,Healthcare
C00376,Sarah Iyer,SMB,Retail
C00377,Michael Brown,Government,IT
C00378,Liam Joshi,SMB,Healthcare
C00379,Arjun Patel,Government,IT
C00380,Meera Sharma,Government,Finance
C00381,Olivia Brown,Enterprise,Retail
C00382,Aarav Anderson,SMB,Healthcare
C00383,Liam Brown,Government,Finance
C00384,Aisha Williams,Retail,Finance
C00385,Michael Johnson,Enterprise,Retail
C00386,Noah Joshi,SMB,IT
C00387,David Verma,Enterprise,Retail
C00388,Karthik Brown,SMB,Healthcare
C00389,Vivaan Gupta,SMB,IT
C00390,Liam Reddy,Government,IT
C00391,Sarah Brown,Retail,Healthcare
C00392,Meera Gupta,Enterprise,Healthcare
C00393,Nisha Verma,SMB,Healthcare
C00394,Daniel Gupta,Enterprise,IT
C00395,Sophia Davis,Government,Finance
C00396,Neha Singh,Enterprise,Healthcare
C00397,Meera Williams,SMB,IT
C00398,Olivia Wilson,Enterprise,Finance
C00399,Harish Anderson,Retail,IT
C00400,Karthik Joshi,SMB,Finance
C00401,Vivaan Thomas,Retail,IT
C00402,Nisha Miller,SMB,IT
C00403,Neha Patel,Government,IT
C00404,Vivaan Brown,SMB,Finance
C00405,Olivia Wilson,Enterprise,Retail
C00406,Vikram Taylor,SMB,Retail
C00407,Sai Wilson,Retail,IT
C00408,Emily Joshi,Government,Healthcare
C00409,Karthik Gupta,Enterprise,Retail
C00410,Liam Brown,Retail,Retail
C00411,Nisha Singh,Retail,IT
C00412,Arjun Verma,Retail,Healthcare
C00413,Rahul Davis,Enterprise,Retail
C00414,Ananya Williams,Government,IT
C00415,Emily Davis,SMB,Finance
C00416,Vivaan Joshi,Government,IT
C00417,Olivia Reddy,SMB,Healthcare
C00418,Neha Iyer,Government,Retail
C00419,Priya Wilson,Enterprise,Healthcare
C00420,Sai Iyer,SMB,Finance
C00421,Michael Joshi,Government,IT
C00422,Aarav Reddy,Enterprise,Retail
C00423,Sophia Singh,Government,Retail
C00424,Ananya Miller,Government,Healthcare
C00425,Neha Williams,Government,IT
C00426,Neha Wilson,SMB,Finance
C00427,Priya Williams,Enterprise,IT
C00428,Harish Wilson,Retail,Finance
C00429,Sarah Sharma,Retail,Healthcare
C00430,Liam Kumar,Enterprise,Finance
C00431,Vikram Singh,SMB,Retail
C00432,Arjun Williams,SMB,Retail
C00433,Arjun Singh,SMB,IT
C00434,Harish Iyer,Retail,Finance
C00435,Sophia Wilson,SMB,Finance
C00436,Vikram Miller,Retail,Finance
C00437,Liam Gupta,Enterprise,Retail
C00438,Ananya Nair,Retail,IT
C00439,Sarah Nair,Retail,Retail
C00440,Harish Joshi,SMB,Retail
C00441,Kavya Kumar,Retail,IT
C00442,Sai Patel,Retail,Finance
C00443,Meera Brown,Government,Healthcare
C00444,Aarav Wilson,Retail,Retail
C00445,Divya Wilson,Enterprise,Retail
C00446,Rahul Reddy,SMB,IT
C00447,Divya Singh,Enterprise,Retail
C00448,Olivia Sharma,Enterprise,Retail
C00449,Nisha Williams,Government,Retail
C00450,Harish Wilson,SMB,IT
C00451,John Reddy,Government,Healthcare
C00452,Michael Verma,Retail,Finance
C00453,Harish Kumar,Enterprise,Retail
C00454,Michael Sharma,Government,Healthcare
C00455,Rahul Brown,Government,Finance
C00456,Sneha Davis,Enterprise,IT
C00457,Vikram Singh,SMB,IT
C00458,Rahul Brown,Government,Retail
C00459,Pooja Anderson,Retail,IT
C00460,John Williams,Enterprise,Finance
C00461,Pooja Sharma,SMB,IT
C00462,Ananya Miller,Government,Healthcare
C00463,Noah Nair,Government,Finance
C00464,Aarav Gupta,SMB,Healthcare
C00465,Noah Taylor,Enterprise,Healthcare
C00466,Sai Thomas,Enterprise,Healthcare
C00467,Pooja Reddy,Enterprise,Retail
C00468,Harish Williams,Enterprise,Retail
C00469,Harish Anderson,Enterprise,Retail
C00470,Harish Williams,Retail,Finance
C00471,John Thomas,SMB,Healthcare
C00472,Sai Kumar,Government,Healthcare
C00473,Daniel Davis,SMB,Healthcare
C00474,Liam Williams,Retail,Finance
C00475,Vikram Singh,Retail,Retail
C00476,Daniel Taylor,Government,Finance
C00477,Ananya Reddy,SMB,Healthcare
C00478,David Smith,Retail,Retail
C00479,Arjun Nair,Retail,Finance
C00480,Harish Taylor,SMB,Healthcare
C00481,Aditya Wilson,Retail,IT
C00482,Nisha Brown,SMB,IT
C00483,Sarah Anderson,Government,Retail
C00484,Sai Reddy,Retail,IT
C00485,Karthik Kumar,Retail,Retail
C00486,Michael Iyer,SMB,IT
C00487,Divya Miller,Retail,IT
C00488,Rahul Joshi,Retail,IT
C00489,Sophia Gupta,Enterprise,Finance
C00490,Rohan Thomas,SMB,Retail
C00491,John Wilson,Enterprise,Healthcare
C00492,Sarah Verma,Enterprise,IT
C00493,Sneha Thomas,Retail,Finance
C00494,Vikram Nair,Enterprise,Retail
C00495,Priya Smith,Government,Finance
C00496,David Thomas,Government,Healthcare
C00497,Vikram Joshi,Enterprise,Healthcare
C00498,Meera Sharma,Enterprise,IT
C00499,Sai Davis,Enterprise,Retail
C00500,Aarav Verma,Government,Retail
C00501,Emily Smith,SMB,Retail
C00502,Priya Verma,SMB,Retail
C00503,David Gupta,Government,IT
C00504,Daniel Patel,Enterprise,Healthcare
C00505,Neha Smith,Retail,Healthcare
C00506,Sarah Kumar,Retail,Finance
C00507,Rahul Nair,SMB,IT
C00508,Karthik Joshi,Government,IT
C00509,Michael Thomas,Enterprise,Finance
C00510,Sarah Johnson,Enterprise,Finance
C00511,Sophia Joshi,SMB,Finance
C00512,Liam Williams,Government,Healthcare
C00513,Sarah Sharma,Government,IT
C00514,Rahul Taylor,Retail,Healthcare
C00515,Sneha Verma,Government,IT
C00516,Arjun Joshi,Government,Healthcare
C00517,Rahul Williams,Retail,IT
C00518,Neha Reddy,Retail,Finance
C00519,Meera Patel,Enterprise,Finance
C00520,Liam Thomas,SMB,Retail
C00521,Daniel Wilson,Government,Finance
C00522,Emily Anderson,Retail,Finance
C00523,Divya Smith,Retail,Finance
C00524,Sarah Johnson,Retail,Healthcare
C00525,Vivaan Gupta,SMB,Finance
C00526,Sai Joshi,SMB,Finance
C00527,Karthik Verma,SMB,IT
C00528,Karthik Miller,Enterprise,IT
C00529,Ananya Singh,SMB,Retail
C00530,Rahul Taylor,Enterprise,Healthcare
C00531,Rahul Joshi,SMB,Healthcare
C00532,Ananya Taylor,Government,IT
C00533,Ananya Wilson,Enterprise,Retail
C00534,Harish Williams,Government,Finance
C00535,Emily Brown,Enterprise,Finance
C00536,David Anderson,Government,Finance
C00537,Ananya Reddy,Government,Healthcare
C00538,Neha Brown,Government,Retail
C00539,Meera Thomas,Retail,Finance
C00540,Aditya Smith,Government,IT
C00541,Pooja Williams,Retail,Healthcare
C00542,Michael Davis,SMB,Finance
C00543,Priya Iyer,Enterprise,Finance
C00544,Meera Anderson,Government,Retail
C00545,Daniel Wilson,Government,Healthcare
C00546,Aditya Joshi,SMB,Finance
C00547,Aisha Iyer,Retail,Healthcare
C00548,Noah Gupta,SMB,Finance
C00549,Sai Reddy,Retail,Retail
C00550,Noah Gupta,Government,Retail
C00551,Pooja Kumar,SMB,Finance
C00552,Sneha Thomas,Government,Finance
C00553,Sai Anderson,Enterprise,Healthcare
C00554,Sneha Gupta,Retail,Healthcare
C00555,Aditya Anderson,SMB,Healthcare
C00556,Olivia Brown,Government,Finance
C00557,Sai Kumar,SMB,IT
C00558,Aditya Thomas,Government,Healthcare
C00559,Vikram Kumar,Enterprise,Retail
C00560,Sarah Reddy,Government,Retail
C00561,Vivaan Sharma,SMB,IT
C00562,Vivaan Iyer,Enterprise,IT
C00563,Karthik Reddy,Government,Retail
C00564,Arjun Nair,Retail,IT
C00565,Priya Taylor,Retail,Retail
C00566,Kavya Brown,Retail,Healthcare
C00567,Harish Kumar,SMB,IT
C00568,Aisha Wilson,SMB,Finance
C00569,John Johnson,Retail,IT
C00570,Harish Brown,Government,Finance
C00571,Neha Williams,Enterprise,Finance
C00572,Rohan Verma,Retail,Retail
C00573,Kavya Joshi,Retail,IT
C00574,Divya Davis,Government,Finance
C00575,Vivaan Taylor,Government,Healthcare
C00576,Ananya Johnson,Retail,IT
C00577,David Reddy,Government,Healthcare
C00578,Arjun Smith,SMB,Finance
C00579,Neha Kumar,Government,Healthcare
C00580,Meera Kumar,SMB,Healthcare
C00581,David Verma,Retail,Finance
C00582,Meera Davis,Government,Healthcare
C00583,Vivaan Gupta,Government,Healthcare
C00584,Meera Brown,SMB,Healthcare
C00585,Priya Sharma,Retail,IT
C00586,Daniel Wilson,Government,Finance
C00587,Olivia Johnson,Enterprise,Retail
C00588,Sneha Nair,Enterprise,Retail
C00589,Sai Smith,SMB,Retail
C00590,Daniel Reddy,SMB,Healthcare
C00591,Sarah Sharma,Government,Retail
C00592,Aisha Reddy,Government,Retail
C00593,Olivia Johnson,Enterprise,Healthcare
C00594,Emily Wilson,Retail,Healthcare
C00595,Pooja Taylor,Retail,Retail
C00596,Michael Smith,Retail,Retail
C00597,Pooja Iyer,Retail,Finance
C00598,Vikram Smith,Retail,Retail
C00599,Olivia Anderson,Government,Healthcare
C00600,Harish Wilson,Enterprise,Healthcare
C00601,Divya Taylor,Enterprise,IT
C00602,Rahul Gupta,Retail,IT
C00603,Arjun Brown,Enterprise,Finance
C00604,Emily Brown,Retail,Healthcare
C00605,Aisha Nair,Enterprise,Healthcare
C00606,Rohan Nair,Retail,Healthcare
C00607,Vivaan Iyer,SMB,Retail
C00608,Harish Verma,Retail,Healthcare
C00609,Kavya Davis,Government,Retail
C00610,Aarav Williams,Retail,Finance
C00611,Daniel Gupta,Retail,Finance
C00612,Arjun Smith,Enterprise,Healthcare
C00613,Liam Nair,SMB,Retail
C00614,Olivia Smith,Enterprise,Healthcare
C00615,Daniel Anderson,Retail,Finance
C00616,Aisha Sharma,Enterprise,Finance
C00617,Noah Smith,SMB,Healthcare
C00618,Sophia Thomas,Retail,Retail
C00619,Kavya Nair,Enterprise,IT
C00620,Kavya Johnson,Government,Healthcare
C00621,Rohan Thomas,Government,IT
C00622,Liam Wilson,Retail,Healthcare
C00623,Sai Williams,Enterprise,Retail
C00624,Pooja Verma,Government,Finance
C00625,David Taylor,Retail,IT
C00626,Neha Davis,SMB,Healthcare
C00627,John Brown,SMB,Finance
C00628,Sneha Brown,Retail,Healthcare
C00629,John Singh,Government,Healthcare
C00630,Priya Sharma,Enterprise,IT
C00631,Ananya Davis,Enterprise,Retail
C00632,Sai Kumar,SMB,Healthcare
C00633,Kavya Iyer,Enterprise,IT
C00634,Nisha Gupta,SMB,Finance
C00635,David Johnson,Enterprise,Finance
C00636,Rohan Williams,Government,IT
C00637,Rahul Gupta,Government,IT
C00638,Rahul Iyer,SMB,Healthcare
C00639,Nisha Brown,Retail,Finance
C00640,Daniel Verma,Enterprise,Healthcare
C00641,Rahul Thomas,SMB,Retail
C00642,Harish Joshi,Retail,Healthcare
C00643,Rohan Thomas,Enterprise,Healthcare
C00644,Sai Nair,SMB,Retail
C00645,Vikram Thomas,Enterprise,Retail
C00646,Daniel Thomas,Enterprise,Finance
C00647,Noah Taylor,Government,Healthcare
C00648,John Miller,Government,IT
C00649,Divya Singh,SMB,Finance
C00650,John Williams,SMB,Retail
C00651,Noah Taylor,SMB,Retail
C00652,Priya Williams,SMB,IT
C00653,Arjun Taylor,Enterprise,Retail
C00654,Aditya Gupta,Enterprise,Finance
C00655,Ananya Anderson,Retail,Healthcare
C00656,Daniel Davis,SMB,Retail
C00657,Sarah Brown,Retail,Finance
C00658,Kavya Johnson,SMB,Healthcare
C00659,Sarah Thomas,Government,Finance
C00660,Meera Johnson,Government,IT
C00661,Aditya Reddy,Government,Retail
C00662,Sneha Davis,Retail,Finance
C00663,Rohan Kumar,SMB,IT
C00664,Nisha Kumar,SMB,IT
C00665,Sophia Smith,Government,Retail
C00666,Arjun Brown,SMB,IT
C00667,Aisha Joshi,SMB,Finance
C00668,Neha Williams,Government,IT
C00669,Meera Smith,Enterprise,Retail
C00670,Pooja Johnson,Enterprise,Retail
C00671,Neha Smith,Enterprise,Healthcare
C00672,Nisha Johnson,SMB,Finance
C00673,Pooja Wilson,Retail,Finance
C00674,Priya Iyer,Government,Retail
C00675,Rohan Davis,Retail,Healthcare
C00676,Emily Joshi,SMB,Retail
C00677,Pooja Verma,Government,IT
C00678,Karthik Davis,Government,IT
C00679,Meera Iyer,Enterprise,IT
C00680,Sarah Davis,Enterprise,Finance
C00681,Priya Joshi,Government,IT
C00682,Sarah Singh,SMB,Retail
C00683,Rahul Gupta,Enterprise,Retail
C00684,Sneha Sharma,Retail,Retail
C00685,Ananya Johnson,SMB,Healthcare
C00686,Sneha Anderson,Enterprise,IT
C00687,Aditya Thomas,Government,Retail
C00688,Aisha Taylor,Retail,IT
C00689,Sarah Smith,Retail,Retail
C00690,Aarav Davis,Retail,Retail
C00691,Vivaan Reddy,SMB,Retail
C00692,Aditya Reddy,SMB,Retail
C00693,Rahul Miller,Retail,Healthcare
C00694,Michael Johnson,Retail,Retail
C00695,Liam Joshi,Government,Finance
C00696,Priya Anderson,Retail,Retail
C00697,Sophia Brown,Retail,IT
C00698,Noah Nair,Retail,Finance
C00699,Meera Patel,SMB,Finance
C00700,Vivaan Anderson,Enterprise,Healthcare
C00701,Aditya Thomas,Retail,Healthcare
C00702,Kavya Anderson,Enterprise,Finance
C00703,Karthik Wilson,Enterprise,Retail
C00704,Pooja Johnson,Enterprise,Finance
C00705,Emily Kumar,SMB,IT
C00706,Daniel Reddy,Enterprise,Healthcare
C00707,Sophia Wilson,Enterprise,Finance
C00708,Vikram Joshi,Enterprise,Finance
C00709,Divya Joshi,Retail,Finance
C00710,Divya Kumar,Enterprise,Finance
C00711,Sophia Thomas,SMB,Finance
C00712,Vikram Joshi,Enterprise,IT
C00713,Rahul Iyer,SMB,IT
C00714,Daniel Williams,Government,IT
C00715,Sai Wilson,Retail,Healthcare
C00716,Vivaan Wilson,Government,Finance
C00717,Priya Williams,Government,IT
C00718,Vikram Taylor,Retail,Healthcare
C00719,Michael Iyer,Retail,Retail
C00720,Sai Patel,Enterprise,IT
C00721,Ananya Thomas,Government,Healthcare
C00722,Liam Patel,SMB,Finance
C00723,Priya Gupta,Enterprise,Finance
C00724,Vikram Davis,Retail,Finance
C00725,Aarav Verma,Enterprise,Retail
C00726,Priya Sharma,Government,Healthcare
C00727,David Davis,Retail,Retail
C00728,Vivaan Johnson,Retail,Healthcare
C00729,Rahul Davis,Enterprise,Finance
C00730,Ananya Sharma,Retail,Finance
C00731,Arjun Anderson,Enterprise,Finance
C00732,Rahul Reddy,Retail,IT
C00733,Ananya Singh,Enterprise,Finance
C00734,Rohan Reddy,Enterprise,Retail
C00735,Kavya Nair,Retail,Retail
C00736,Aarav Sharma,SMB,IT
C00737,Michael Patel,Enterprise,IT
C00738,Aarav Reddy,Enterprise,Healthcare
C00739,Noah Williams,Government,Finance
C00740,Harish Patel,Enterprise,Healthcare
C00741,David Miller,Retail,Finance
C00742,Rahul Sharma,Enterprise,Healthcare
C00743,Neha Iyer,Government,IT
C00744,Rahul Anderson,Retail,IT
C00745,David Iyer,SMB,IT
C00746,Sai Patel,Government,Retail
C00747,Sneha Davis,Government,Healthcare
C00748,David Wilson,Retail,Healthcare
C00749,Divya Gupta,SMB,IT
C00750,Arjun Brown,Government,Healthcare
C00751,Aditya Davis,Enterprise,IT
C00752,Emily Anderson,Enterprise,Retail
C00753,Vikram Brown,Enterprise,Finance
C00754,Noah Nair,Retail,Retail
C00755,Aditya Smith,Government,IT
C00756,Rohan Smith,Enterprise,Finance
C00757,Ananya Gupta,Government,Finance
C00758,Vikram Sharma,SMB,IT
C00759,Daniel Davis,Government,Healthcare
C00760,Olivia Joshi,SMB,Retail
C00761,Liam Reddy,Enterprise,Retail
C00762,Ananya Gupta,SMB,Finance
C00763,Divya Johnson,SMB,Finance
C00764,Sarah Davis,Government,Retail
C00765,Daniel Iyer,Government,Finance
C00766,Rohan Patel,Retail,IT
C00767,Aditya Reddy,Retail,Healthcare
C00768,Sarah Verma,Retail,Healthcare
C00769,Karthik Gupta,Enterprise,Finance
C00770,Daniel Verma,Retail,Retail
C00771,Sneha Miller,SMB,IT
C00772,Ananya Davis,Enterprise,IT
C00773,Sai Sharma,Retail,Healthcare
C00774,Kavya Davis,Government,Healthcare
C00775,Sarah Anderson,Retail,Healthcare
C00776,Meera Brown,Government,Finance
C00777,Liam Brown,Enterprise,Healthcare
C00778,Divya Taylor,Enterprise,Retail
C00779,Aarav Thomas,SMB,IT
C00780,Vivaan Sharma,Government,Healthcare
C00781,Rohan Sharma,SMB,Finance
C00782,Nisha Anderson,Enterprise,Finance
C00783,Sophia Brown,Government,IT
C00784,Neha Smith,Government,Finance
C00785,Arjun Reddy,Retail,Retail
C00786,Kavya Kumar,SMB,Retail
C00787,Sneha Taylor,Government,Healthcare
C00788,Olivia Williams,Government,IT
C00789,Sophia Johnson,Enterprise,IT
C00790,Arjun Nair,SMB,Retail
C00791,Sai Williams,Government,Retail
C00792,Priya Singh,Enterprise,Healthcare
C00793,Aisha Taylor,Enterprise,Healthcare
C00794,Daniel Nair,Retail,IT
C00795,Daniel Patel,Retail,Healthcare
C00796,Divya Brown,Retail,Healthcare
C00797,Rohan Verma,Retail,Healthcare
C00798,Divya Thomas,Enterprise,IT
C00799,Rahul Joshi,Enterprise,Retail
C00800,Harish Patel,SMB,IT
C00801,Harish Brown,SMB,Healthcare
C00802,Divya Miller,Government,Retail
C00803,Sophia Johnson,Government,Finance
C00804,Michael Davis,Retail,Retail
C00805,Daniel Kumar,Retail,Retail
C00806,Karthik Singh,SMB,Retail
C00807,John Singh,Retail,Finance
C00808,Sarah Smith,Enterprise,Finance
C00809,Harish Iyer,Enterprise,Retail
C00810,Olivia Patel,Government,Healthcare
C00811,Ananya Anderson,Government,Finance
C00812,Harish Singh,Government,Finance
C00813,Vikram Singh,Retail,Healthcare
C00814,Arjun Verma,SMB,Finance
C00815,Kavya Joshi,Retail,IT
C00816,Ananya Kumar,Retail,Finance
C00817,Sophia Joshi,Retail,Finance
C00818,Nisha Reddy,Retail,Finance
C00819,Noah Johnson,Retail,Finance
C00820,Pooja Wilson,Retail,Finance
C00821,David Davis,Enterprise,Retail
C00822,Sai Smith,Retail,Retail
C00823,Aisha Patel,Government,IT
C00824,Karthik Iyer,Government,Finance
C00825,Aditya Smith,SMB,Healthcare
C00826,Aisha Taylor,Enterprise,Healthcare
C00827,Sneha Johnson,SMB,Retail
C00828,Neha Patel,Retail,Healthcare
C00829,Rahul Iyer,Retail,Finance
C00830,Aisha Miller,Government,Retail
C00831,David Williams,Enterprise,Retail
C00832,Aditya Kumar,SMB,IT
C00833,Harish Sharma,Government,Finance
C00834,Liam Williams,SMB,Finance
C00835,Aarav Davis,Government,Healthcare
C00836,Sneha Reddy,Government,Finance
C00837,Sneha Joshi,Government,Finance
C00838,Rohan Williams,Retail,Finance
C00839,Michael Davis,Government,Healthcare
C00840,Nisha Patel,SMB,Retail
C00841,John Brown,Retail,IT
C00842,Emily Wilson,Government,Finance
C00843,Daniel Iyer,SMB,IT
C00844,Sophia Smith,Government,Retail
C00845,Neha Sharma,Government,Healthcare
C00846,Kavya Smith,Government,Healthcare
C00847,Pooja Sharma,Enterprise,IT
C00848,Karthik Iyer,Retail,Healthcare
C00849,Sophia Iyer,Government,Finance
C00850,Rahul Thomas,SMB,Retail
C00851,David Thomas,SMB,IT
C00852,Arjun Verma,SMB,Finance
C00853,Vikram Kumar,Enterprise,IT
C00854,Sai Thomas,SMB,Finance
C00855,Nisha Kumar,Government,Finance
C00856,Aarav Joshi,Government,IT
C00857,Meera Patel,Retail,IT
C00858,Arjun Verma,Enterprise,IT
C00859,Noah Davis,Enterprise,IT
C00860,Aditya Johnson,SMB,Healthcare
C00861,Vikram Wilson,Enterprise,Finance
C00862,Rahul Brown,Enterprise,Healthcare
C00863,Emily Miller,Retail,IT
C00864,Kavya Verma,Enterprise,Retail
C00865,Rahul Brown,Enterprise,Finance
C00866,Rohan Davis,Government,Retail
C00867,Vikram Anderson,Retail,Healthcare
C00868,Emily Verma,Enterprise,Healthcare
C00869,Aarav Smith,SMB,IT
C00870,Meera Verma,Enterprise,Finance
C00871,Sai Williams,Government,IT
C00872,Arjun Johnson,Government,Retail
C00873,Divya Smith,Government,IT
C00874,David Nair,Enterprise,Finance
C00875,Priya Patel,Enterprise,IT
C00876,Meera Brown,SMB,Healthcare
C00877,Sophia Davis,Enterprise,Healthcare
C00878,Harish Brown,SMB,IT
C00879,Priya Thomas,Government,Retail
C00880,Aarav Reddy,Retail,IT
C00881,Kavya Singh,Retail,Finance
C00882,Rahul Gupta,Government,IT
C00883,Olivia Kumar,Retail,Healthcare
C00884,Rahul Singh,SMB,Finance
C00885,Divya Williams,Government,Finance
C00886,Noah Taylor,Government,Finance
C00887,Priya Gupta,Retail,Retail
C00888,Sneha Reddy,Enterprise,Healthcare
C00889,Rahul Gupta,Enterprise,IT
C00890,Liam Johnson,SMB,Healthcare
C00891,Neha Taylor,Enterprise,Retail
C00892,Kavya Gupta,Retail,Retail
C00893,Noah Reddy,Enterprise,Retail
C00894,Harish Johnson,Retail,Retail
C00895,Liam Taylor,SMB,Healthcare
C00896,Rohan Verma,Enterprise,Finance
C00897,Daniel Miller,SMB,Finance
C00898,Aisha Anderson,SMB,Finance
C00899,Emily Joshi,Government,Healthcare
C00900,Meera Patel,Retail,Finance
C00901,Sai Kumar,Government,Healthcare
C00902,Liam Miller,Retail,Retail
C00903,Kavya Gupta,Government,Retail
C00904,Arjun Brown,Retail,Healthcare
C00905,John Smith,SMB,Retail
C00906,John Singh,Enterprise,Retail
C00907,Rahul Iyer,SMB,Retail
C00908,Arjun Joshi,Retail,Retail
C00909,David Anderson,SMB,Retail
C00910,Aarav Verma,Retail,Healthcare
C00911,Sneha Verma,SMB,Retail
C00912,Sai Wilson,Retail,Healthcare
C00913,Daniel Patel,Retail,Healthcare
C00914,Vivaan Anderson,Retail,Retail
C00915,Harish Reddy,SMB,Finance
C00916,Harish Davis,Retail,Healthcare
C00917,Olivia Smith,SMB,Retail
C00918,Meera Iyer,SMB,IT
C00919,Aisha Singh,Enterprise,Healthcare
C00920,Priya Johnson,Retail,Retail
C00921,Aisha Reddy,SMB,Retail
C00922,Sai Sharma,SMB,IT
C00923,Noah Taylor,Government,Finance
C00924,Sai Miller,Retail,Finance
C00925,Priya Kumar,SMB,Retail
C00926,Rohan Singh,SMB,Healthcare
C00927,Sai Anderson,Enterprise,Finance
C00928,Daniel Verma,SMB,IT
C00929,Vivaan Gupta,SMB,IT
C00930,Harish Thomas,SMB,Finance
C00931,Vikram Anderson,Retail,Healthcare
C00932,Liam Singh,Government,IT
C00933,John Williams,Enterprise,IT
C00934,Ananya Davis,Government,Finance
C00935,Vivaan Sharma,Enterprise,Finance
C00936,David Gupta,Government,Retail
C00937,Sai Kumar,Retail,Retail
C00938,Aarav Taylor,Enterprise,Retail
C00939,Noah Joshi,Retail,Retail
C00940,Sarah Iyer,Government,IT
C00941,Rohan Verma,Retail,Healthcare
C00942,Sarah Wilson,SMB,Finance
C00943,Aditya Williams,Retail,Retail
C00944,Rohan Joshi,SMB,IT
C00945,Divya Thomas,SMB,Finance
C00946,Vivaan Gupta,SMB,Retail
C00947,Neha Verma,SMB,IT
C00948,Sophia Smith,SMB,Healthcare
C00949,Michael Miller,Retail,Retail
C00950,Neha Gupta,SMB,IT
C00951,Aditya Smith,Retail,Finance
C00952,Rahul Smith,SMB,IT
C00953,Sai Smith,Enterprise,IT
C00954,Sneha Anderson,Enterprise,Retail
C00955,John Iyer,Retail,Healthcare
C00956,Noah Miller,SMB,Healthcare
C00957,Rohan Williams,Enterprise,Finance
C00958,Priya Reddy,Government,Retail
C00959,Karthik Johnson,Government,Healthcare
C00960,Karthik Kumar,Enterprise,IT
C00961,Rahul Reddy,Enterprise,Retail
C00962,Kavya Iyer,SMB,Retail
C00963,Noah Reddy,SMB,IT
C00964,Kavya Kumar,Retail,Finance
C00965,Ananya Miller,Enterprise,Finance
C00966,Divya Gupta,Government,Healthcare
C00967,Arjun Nair,Retail,IT
C00968,Vikram Davis,Government,IT
C00969,Michael Kumar,Retail,Healthcare
C00970,Noah Anderson,SMB,Retail
C00971,Rohan Brown,Government,Finance
C00972,Noah Smith,SMB,Retail
C00973,Neha Williams,SMB,Finance
C00974,Sophia Iyer,Government,Retail
C00975,Nisha Smith,Government,Finance
C00976,Michael Williams,Enterprise,IT
C00977,Ananya Davis,SMB,Retail
C00978,Vivaan Kumar,SMB,Retail
C00979,Aisha Patel,Enterprise,Finance
C00980,Olivia Wilson,SMB,Retail
C00981,Sneha Wilson,Government,IT
C00982,Divya Taylor,Government,Finance
C00983,Aarav Sharma,Retail,Healthcare
C00984,David Sharma,SMB,Retail
C00985,Neha Smith,Enterprise,Finance
C00986,Sai Davis,Government,Finance
C00987,Aarav Iyer,SMB,Retail
C00988,Sneha Johnson,Government,IT
C00989,Noah Thomas,SMB,Finance
C00990,Divya Iyer,Retail,Healthcare
C00991,Meera Smith,Government,Finance
C00992,Sophia Anderson,SMB,Healthcare
C00993,Vivaan Singh,SMB,Healthcare
C00994,Sai Williams,Government,Finance
C00995,Rohan Davis,Retail,Retail
C00996,Divya Anderson,SMB,Retail
C00997,Noah Williams,SMB,Healthcare
C00998,Sneha Iyer,Government,IT
C00999,Vivaan Patel,SMB,Finance
C01000,Emily Joshi,Government,Finance
C01001,John Singh,Enterprise,Healthcare
C01002,Meera Singh,Government,IT
C01003,Rahul Brown,Enterprise,Retail
C01004,Karthik Johnson,SMB,Healthcare
C01005,Pooja Johnson,Retail,Healthcare
C01006,Aarav Smith,Government,Healthcare
C01007,Arjun Nair,Government,IT
C01008,Sneha Patel,Retail,Finance
C01009,Sarah Anderson,Government,Retail
C01010,Harish Miller,SMB,IT
C01011,Pooja Reddy,Enterprise,Retail
C01012,Aisha Taylor,Retail,Retail
C01013,Liam Williams,Government,Finance
C01014,Rohan Taylor,Enterprise,Finance
C01015,Noah Davis,Enterprise,IT
C01016,Vivaan Nair,Retail,Healthcare
C01017,Olivia Smith,Government,Healthcare
C01018,Nisha Johnson,Enterprise,Retail
C01019,Daniel Singh,Government,Healthcare
C01020,Kavya Nair,Government,IT
C01021,Emily Miller,Enterprise,Retail
C01022,Rahul Nair,Enterprise,Retail
C01023,Karthik Miller,Enterprise,Healthcare
C01024,Vikram Verma,Government,Retail
C01025,Meera Brown,Government,Healthcare
C01026,Karthik Iyer,SMB,Finance
C01027,Aditya Anderson,Government,IT
C01028,David Williams,Retail,Retail
C01029,Harish Thomas,Enterprise,Healthcare
C01030,Karthik Wilson,Retail,Retail
C01031,Vikram Anderson,Retail,Healthcare
C01032,Ananya Thomas,Retail,Retail
C01033,Meera Miller,Retail,Finance
C01034,Kavya Reddy,Enterprise,Retail
C01035,John Thomas,Enterprise,Retail
C01036,Sophia Davis,Government,Retail
C01037,Daniel Sharma,SMB,Finance
C01038,Pooja Taylor,SMB,Finance
C01039,Michael Brown,Enterprise,IT
C01040,Pooja Johnson,Enterprise,Finance
C01041,Divya Brown,Government,IT
C01042,Sai Smith,Enterprise,Finance
C01043,Rahul Gupta,Retail,IT
C01044,John Joshi,Retail,IT
C01045,Daniel Reddy,SMB,Healthcare
C01046,Michael Taylor,Enterprise,Healthcare
C01047,Sneha Smith,SMB,Healthcare
C01048,Ananya Davis,Enterprise,Healthcare
C01049,Olivia Nair,SMB,IT
C01050,Pooja Wilson,Government,Finance
C01051,Daniel Taylor,SMB,IT
C01052,Divya Miller,Retail,Finance
C01053,Sophia Joshi,Enterprise,IT
C01054,Vivaan Reddy,Government,IT
C01055,Sneha Reddy,Government,Finance
C01056,Emily Sharma,Government,IT
C01057,Neha Brown,SMB,Finance
C01058,Daniel Anderson,SMB,Healthcare
C01059,Nisha Sharma,Enterprise,IT
C01060,John Sharma,Enterprise,Finance
C01061,Karthik Brown,Enterprise,IT
C01062,Emily Taylor,Enterprise,IT
C01063,Liam Sharma,Enterprise,Finance
C01064,Nisha Verma,Enterprise,Healthcare
C01065,David Miller,Government,IT
C01066,Karthik Brown,Government,Retail
C01067,Aditya Wilson,Retail,IT
C01068,John Singh,Enterprise,Retail
C01069,David Patel,Government,IT
C01070,Vikram Sharma,Enterprise,Healthcare
C01071,Sarah Wilson,Enterprise,Healthcare
C01072,Neha Verma,Enterprise,Retail
C01073,Nisha Iyer,Retail,IT
C01074,Aditya Joshi,Enterprise,IT
C01075,Sophia Wilson,Government,Finance
C01076,Sneha Brown,SMB,Retail
C01077,Kavya Gupta,Enterprise,Retail
C01078,Arjun Brown,Government,Finance
C01079,Ananya Davis,SMB,IT
C01080,Liam Davis,Enterprise,Finance
C01081,Karthik Singh,Retail,Retail
C01082,Liam Patel,Enterprise,Retail
C01083,Kavya Davis,Enterprise,Finance
C01084,Noah Anderson,Retail,Retail
C01085,Sophia Singh,Retail,Finance
C01086,Rahul Sharma,SMB,IT
C01087,Vivaan Kumar,Enterprise,Retail
C01088,Divya Brown,Government,IT
C01089,Aarav Williams,Retail,IT
C01090,Rohan Patel,SMB,Healthcare
C01091,David Johnson,Government,Retail
C01092,Nisha Iyer,Enterprise,Healthcare
C01093,Emily Iyer,Retail,IT
C01094,Pooja Gupta,Government,Retail
C01095,Emily Iyer,Enterprise,IT
C01096,Aditya Gupta,Retail,IT
C01097,Neha Johnson,Government,Retail
C01098,Divya Kumar,Retail,IT
C01099,Sarah Miller,Retail,Retail
C01100,Emily Taylor,Enterprise,IT
C01101,Sophia Thomas,SMB,IT
C01102,Karthik Patel,Government,IT
C01103,Liam Iyer,Government,IT
C01104,Neha Patel,Government,Retail
C01105,Arjun Anderson,Enterprise,IT
C01106,David Williams,Enterprise,Finance
C01107,Michael Davis,Retail,Healthcare
C01108,Sophia Iyer,Enterprise,Healthcare
C01109,Michael Williams,Government,Healthcare
C01110,Sophia Nair,Enterprise,Retail
C01111,David Miller,SMB,Retail
C01112,Priya Iyer,Enterprise,Healthcare
C01113,Aditya Singh,Enterprise,Finance
C01114,Sai Joshi,Government,IT
C01115,Ananya Patel,SMB,IT
C01116,John Gupta,Enterprise,Finance
C01117,Aisha Verma,Retail,Healthcare
C01118,Rohan Iyer,Retail,Retail
C01119,Karthik Singh,Retail,Retail
C01120,Olivia Brown,SMB,Healthcare
C01121,David Sharma,SMB,Retail
C01122,John Iyer,Government,IT
C01123,Liam Reddy,Retail,Finance
C01124,Meera Sharma,SMB,Finance
C01125,Pooja Wilson,Retail,Finance
C01126,Olivia Gupta,Enterprise,IT
C01127,Nisha Johnson,SMB,Finance
C01128,Noah Anderson,SMB,Finance
C01129,David Wilson,Retail,Healthcare
C01130,Noah Miller,SMB,Healthcare
C01131,Olivia Anderson,Retail,Finance
C01132,Priya Patel,Government,Retail
C01133,Michael Brown,Enterprise,Finance
C01134,Noah Miller,SMB,Finance
C01135,Rahul Reddy,Government,Retail
C01136,Vikram Wilson,Enterprise,Retail
C01137,Nisha Brown,Enterprise,IT
C01138,Sophia Reddy,SMB,Finance
C01139,Noah Singh,SMB,Healthcare
C01140,Sai Nair,Enterprise,Retail
C01141,Pooja Anderson,Government,Finance
C01142,Sarah Reddy,Enterprise,Retail
C01143,Sai Williams,SMB,Finance
C01144,Sai Smith,Government,Retail
C01145,Priya Kumar,SMB,IT
C01146,Pooja Singh,Government,Retail
C01147,Karthik Anderson,Government,IT
C01148,Liam Patel,SMB,IT
C01149,Rahul Taylor,Enterprise,Retail
C01150,John Gupta,Retail,Finance
C01151,Priya Brown,Government,Finance
C01152,Aisha Miller,Enterprise,Finance
C01153,Liam Taylor,Enterprise,IT
C01154,Kavya Taylor,SMB,IT
C01155,Olivia Patel,SMB,Healthcare
C01156,Priya Gupta,Government,Retail
C01157,Priya Joshi,Enterprise,Healthcare
C01158,John Verma,SMB,Finance
C01159,Neha Joshi,SMB,Finance
C01160,Nisha Verma,Retail,Finance
C01161,Divya Gupta,Retail,Retail
C01162,Pooja Verma,Enterprise,Retail
C01163,Sarah Sharma,Retail,Retail
C01164,Rohan Reddy,Enterprise,Retail
C01165,Vivaan Iyer,Enterprise,Retail
C01166,Liam Smith,Retail,Healthcare
C01167,Liam Verma,Retail,IT
C01168,Noah Reddy,Government,Healthcare
C01169,Arjun Reddy,Enterprise,IT
C01170,Liam Verma,Retail,Finance
C01171,Sai Iyer,Enterprise,IT
C01172,Sneha Brown,SMB,Retail
C01173,Arjun Patel,Retail,Healthcare
C01174,Harish Singh,SMB,IT
C01175,Aarav Joshi,Retail,Healthcare
C01176,Vikram Brown,Government,IT
C01177,Rahul Johnson,Enterprise,IT
C01178,Arjun Iyer,Retail,Retail
C01179,Priya Patel,Enterprise,IT
C01180,Neha Wilson,Retail,Healthcare
C01181,Sneha Johnson,Retail,Finance
C01182,Neha Anderson,Enterprise,IT
C01183,David Anderson,SMB,Retail
C01184,Emily Nair,SMB,IT
C01185,Noah Taylor,Retail,Finance
C01186,Olivia Gupta,Retail,Finance
C01187,Liam Taylor,Government,Finance
C01188,Michael Johnson,Retail,Finance
C01189,Neha Smith,Government,Healthcare
C01190,Vikram Reddy,Retail,IT
C01191,Olivia Gupta,Retail,Retail
C01192,Rahul Wilson,SMB,IT
C01193,John Nair,Enterprise,IT
C01194,Priya Singh,SMB,Retail
C01195,John Miller,SMB,Finance
C01196,Emily Kumar,Enterprise,IT
C01197,Daniel Davis,SMB,IT
C01198,Meera Verma,Government,Retail
C01199,Daniel Nair,Government,Finance
C01200,Aditya Brown,Government,Finance
C01201,Noah Brown,Enterprise,IT
C01202,Emily Iyer,Government,IT
C01203,Olivia Reddy,Government,Healthcare
C01204,Liam Nair,Enterprise,IT
C01205,Arjun Johnson,Enterprise,Retail
C01206,Sophia Gupta,Retail,Healthcare
C01207,John Johnson,Enterprise,Retail
C01208,Karthik Miller,SMB,Retail
C01209,Pooja Gupta,Government,Retail
C01210,Meera Smith,Government,Retail
C01211,Sarah Iyer,SMB,Finance
C01212,Emily Kumar,SMB,Healthcare
C01213,Emily Sharma,Retail,Healthcare
C01214,Daniel Verma,Enterprise,IT
C01215,Pooja Smith,SMB,Finance
C01216,David Kumar,SMB,Healthcare
C01217,Meera Brown,Retail,Healthcare
C01218,Nisha Sharma,SMB,Finance
C01219,Olivia Brown,Enterprise,Healthcare
C01220,Michael Anderson,Enterprise,IT
C01221,Priya Williams,Enterprise,Healthcare
C01222,Sneha Miller,Retail,Healthcare
C01223,Arjun Wilson,SMB,Healthcare
C01224,Harish Singh,Government,Healthcare
C01225,Sneha Patel,Enterprise,Healthcare
C01226,Neha Patel,SMB,Finance
C01227,Vivaan Taylor,Government,Healthcare
C01228,John Joshi,Government,Retail
C01229,Emily Reddy,SMB,Healthcare
C01230,Rohan Reddy,Retail,IT
C01231,Vivaan Taylor,Government,Retail
C01232,Priya Williams,Retail,Retail
C01233,Emily Wilson,Retail,Finance
C01234,Neha Taylor,Government,Finance
C01235,Vivaan Thomas,SMB,Retail
C01236,Sai Iyer,SMB,IT
C01237,Rohan Kumar,SMB,Finance
C01238,Rahul Joshi,Enterprise,Retail
C01239,Daniel Iyer,Enterprise,IT
C01240,Rahul Kumar,SMB,Healthcare
C01241,Rahul Anderson,Government,Healthcare
C01242,Neha Thomas,Enterprise,Finance
C01243,Karthik Davis,Government,Retail
C01244,Meera Davis,Enterprise,IT
C01245,Aisha Patel,SMB,Retail
C01246,Aditya Johnson,SMB,Retail
C01247,Sarah Davis,Government,Finance
C01248,Arjun Miller,Enterprise,Finance
C01249,Daniel Gupta,Enterprise,Retail
C01250,Rohan Anderson,Retail,Healthcare
C01251,Daniel Patel,Government,Healthcare
C01252,Sophia Miller,SMB,Finance
C01253,Vivaan Brown,Retail,Finance
C01254,Ananya Joshi,Retail,IT
C01255,Emily Nair,Retail,Retail
C01256,Olivia Taylor,SMB,Finance
C01257,Priya Davis,Retail,Retail
C01258,Pooja Singh,Enterprise,Finance
C01259,Vivaan Johnson,Government,Healthcare
C01260,Sneha Wilson,SMB,IT
C01261,Harish Verma,Retail,IT
C01262,Kavya Miller,SMB,Finance
C01263,Aisha Wilson,SMB,Healthcare
C01264,Olivia Brown,Enterprise,Finance
C01265,Aditya Davis,Government,Healthcare
C01266,Emily Iyer,Retail,Retail
C01267,Vikram Taylor,Enterprise,Healthcare
C01268,Priya Gupta,SMB,Retail
C01269,Rahul Williams,SMB,Finance
C01270,Arjun Davis,Retail,Healthcare
C01271,Pooja Davis,Enterprise,Healthcare
C01272,John Reddy,Government,Finance
C01273,Meera Thomas,SMB,IT
C01274,Divya Joshi,Retail,Healthcare
C01275,Priya Davis,SMB,Healthcare
C01276,Michael Smith,Enterprise,Finance
C01277,Arjun Nair,Retail,Finance
C01278,Pooja Singh,Enterprise,Finance
C01279,Meera Taylor,Retail,Finance
C01280,Karthik Verma,Government,IT
C01281,Olivia Taylor,Retail,IT
C01282,Olivia Williams,Enterprise,Finance
C01283,Vikram Reddy,Retail,IT
C01284,Liam Miller,SMB,Finance
C01285,Priya Sharma,Enterprise,Healthcare
C01286,John Sharma,SMB,Healthcare
C01287,Daniel Smith,Enterprise,Finance
C01288,Vivaan Taylor,SMB,IT
C01289,Aditya Singh,SMB,Retail
C01290,Daniel Gupta,Government,Healthcare
C01291,Arjun Patel,Government,Healthcare
C01292,Sophia Johnson,Government,Healthcare
C01293,Vikram Miller,Retail,Finance
C01294,Karthik Taylor,Retail,Finance
C01295,Vikram Reddy,Government,Healthcare
C01296,Sarah Singh,SMB,IT
C01297,John Thomas,Enterprise,Healthcare
C01298,Pooja Thomas,SMB,Finance
C01299,Sai Gupta,Enterprise,Healthcare
C01300,Vikram Taylor,Enterprise,Finance
C01301,Vivaan Verma,Government,Healthcare
C01302,Meera Gupta,SMB,Healthcare
C01303,Olivia Taylor,Retail,Finance
C01304,Daniel Wilson,Government,Finance
C01305,Liam Brown,SMB,Retail
C01306,Sai Wilson,SMB,IT
C01307,David Wilson,Retail,Healthcare
C01308,Noah Anderson,Retail,Healthcare
C01309,Sneha Kumar,Enterprise,IT
C01310,Sneha Wilson,Retail,Finance
C01311,Priya Johnson,SMB,Finance
C01312,Emily Wilson,SMB,Retail
C01313,Rahul Iyer,SMB,IT
C01314,Vikram Iyer,Government,Retail
C01315,Liam Thomas,Government,Retail
C01316,Sai Davis,SMB,Healthcare
C01317,Michael Gupta,Retail,Healthcare
C01318,David Miller,SMB,Healthcare
C01319,Nisha Verma,Retail,Healthcare
C01320,John Thomas,Government,Finance
C01321,Kavya Nair,Enterprise,IT
C01322,Aarav Verma,SMB,Finance
C01323,Sarah Williams,Government,Retail
C01324,Aarav Patel,Enterprise,Healthcare
C01325,Daniel Williams,Retail,Retail
C01326,Meera Kumar,Retail,Healthcare
C01327,Arjun Taylor,Enterprise,Finance
C01328,Nisha Smith,Government,Retail
C01329,Vivaan Sharma,SMB,IT
C01330,Michael Kumar,SMB,Healthcare
C01331,Harish Smith,SMB,Healthcare
C01332,Aisha Kumar,Enterprise,IT
C01333,Harish Patel,Government,IT
C01334,Aisha Smith,Enterprise,Retail
C01335,Noah Singh,Government,Retail
C01336,Daniel Thomas,Enterprise,IT
C01337,Rohan Wilson,Enterprise,Finance
C01338,Ananya Nair,Government,Finance
C01339,Meera Thomas,Government,IT
C01340,Noah Williams,SMB,Healthcare
C01341,Aarav Singh,SMB,Finance
C01342,David Davis,Retail,Finance
C01343,Ananya Singh,Retail,Retail
C01344,Divya Johnson,SMB,IT
C01345,Divya Davis,Government,Finance
C01346,Sai Patel,Enterprise,IT
C01347,Priya Gupta,Enterprise,Healthcare
C01348,Vivaan Gupta,Government,Finance
C01349,David Verma,Retail,Finance
C01350,Sophia Reddy,Retail,Finance
C01351,Divya Wilson,SMB,IT
C01352,Nisha Kumar,Government,Healthcare
C01353,Aarav Brown,Government,Finance
C01354,Noah Miller,Retail,Healthcare
C01355,Liam Brown,Retail,Retail
C01356,Meera Miller,Government,Finance
C01357,Rohan Singh,Enterprise,IT
C01358,Ananya Joshi,Retail,Healthcare
C01359,Aarav Verma,Retail,Healthcare
C01360,Liam Kumar,Enterprise,IT
C01361,Neha Singh,Government,IT
C01362,Priya Davis,Government,Retail
C01363,Rohan Joshi,SMB,Healthcare
C01364,John Brown,SMB,IT
C01365,Olivia Singh,Government,Finance
C01366,Vikram Davis,SMB,Retail
C01367,Nisha Smith,SMB,Retail
C01368,Rahul Joshi,SMB,IT
C01369,Karthik Kumar,Retail,Finance
C01370,Michael Anderson,Enterprise,IT
C01371,Daniel Sharma,Retail,Retail
C01372,Olivia Nair,SMB,Finance
C01373,Ananya Reddy,Retail,IT
C01374,Priya Taylor,Government,Retail
C01375,Emily Verma,Retail,Finance
C01376,Rahul Sharma,Government,Healthcare
C01377,Michael Thomas,Retail,Retail
C01378,David Wilson,Government,Retail
C01379,Rohan Joshi,SMB,Finance
C01380,Aisha Nair,SMB,IT
C01381,Aisha Patel,SMB,Retail
C01382,Divya Williams,Retail,Finance
C01383,Emily Williams,Retail,Finance
C01384,Aisha Patel,Retail,IT
C01385,Sarah Nair,SMB,Finance
C01386,Nisha Williams,Retail,Healthcare
C01387,John Joshi,Retail,IT
C01388,Aisha Kumar,Retail,Healthcare
C01389,Vivaan Brown,Government,Finance
C01390,Vivaan Thomas,Government,Finance
C01391,Neha Reddy,SMB,IT
C01392,Rohan Taylor,Government,Finance
C01393,Daniel Davis,Retail,Retail
C01394,Vivaan Joshi,Enterprise,Healthcare
C01395,Olivia Reddy,Enterprise,Healthcare
C01396,Sneha Johnson,Enterprise,Healthcare
C01397,Neha Anderson,Retail,Retail
C01398,Olivia Davis,SMB,Finance
C01399,Pooja Taylor,SMB,IT
C01400,Kavya Williams,Government,IT
C01401,Pooja Nair,Enterprise,IT
C01402,Aisha Patel,Retail,IT
C01403,Divya Joshi,Retail,IT
C01404,Neha Kumar,Government,IT
C01405,Priya Gupta,Government,Healthcare
C01406,Karthik Davis,Enterprise,Healthcare
C01407,Liam Wilson,SMB,Healthcare
C01408,Noah Brown,SMB,Healthcare
C01409,David Joshi,Retail,Healthcare
C01410,Vikram Patel,Government,Retail
C01411,Vivaan Smith,SMB,IT
C01412,Daniel Davis,Enterprise,Healthcare
C01413,Liam Sharma,SMB,IT
C01414,Rahul Reddy,SMB,Finance
C01415,Noah Smith,Enterprise,IT
C01416,Pooja Thomas,Enterprise,Retail
C01417,Arjun Sharma,Government,Finance
C01418,Nisha Anderson,Retail,IT
C01419,John Patel,Enterprise,Retail
C01420,Nisha Singh,SMB,Finance
C01421,Priya Reddy,SMB,Retail
C01422,Pooja Johnson,SMB,Healthcare
C01423,Noah Brown,Enterprise,Finance
C01424,Nisha Miller,Enterprise,Finance
C01425,Michael Anderson,Enterprise,Retail
C01426,Rohan Davis,Enterprise,Retail
C01427,Ananya Thomas,Retail,IT
C01428,Meera Thomas,SMB,Retail
C01429,Sophia Wilson,Enterprise,IT
C01430,Olivia Davis,Government,Finance
C01431,Noah Brown,SMB,Retail
C01432,Neha Patel,Enterprise,Finance
C01433,Nisha Nair,Retail,Healthcare
C01434,Priya Reddy,Enterprise,Retail
C01435,Daniel Patel,Government,Healthcare
C01436,Divya Iyer,Retail,Healthcare
C01437,Sarah Davis,Retail,Retail
C01438,Sai Johnson,Enterprise,Finance
C01439,Ananya Joshi,Government,Finance
C01440,David Johnson,Government,IT
C01441,Emily Kumar,Retail,IT
C01442,Noah Johnson,Retail,Healthcare
C01443,Sophia Patel,SMB,Healthcare
C01444,Rohan Smith,SMB,Healthcare
C01445,Nisha Anderson,Enterprise,Retail
C01446,Noah Singh,Retail,Retail
C01447,Sophia Sharma,SMB,Healthcare
C01448,Harish Smith,Retail,Healthcare
C01449,Harish Gupta,Enterprise,Retail
C01450,Nisha Williams,Government,Healthcare
C01451,Aisha Anderson,SMB,Finance
C01452,Noah Reddy,Retail,IT
C01453,Karthik Brown,Enterprise,Healthcare
C01454,John Gupta,Retail,IT
C01455,Sarah Nair,SMB,Retail
C01456,Rohan Thomas,Government,Healthcare
C01457,John Anderson,Government,Retail
C01458,Pooja Singh,Retail,Retail
C01459,Michael Gupta,Retail,Retail
C01460,Kavya Thomas,Enterprise,Retail
C01461,Karthik Brown,Retail,IT
C01462,Noah Davis,SMB,Finance
C01463,Priya Joshi,Enterprise,Finance
C01464,Karthik Joshi,Government,Healthcare
C01465,Arjun Verma,Government,Retail
C01466,Aisha Nair,Government,Healthcare
C01467,Priya Brown,Government,Retail
C01468,David Wilson,Government,Finance
C01469,Ananya Johnson,Retail,IT
C01470,Vikram Joshi,Enterprise,IT
C01471,Liam Kumar,Government,Finance
C01472,Ananya Thomas,Government,Finance
C01473,Ananya Anderson,Government,Retail
C01474,Priya Sharma,Retail,Retail
C01475,Sneha Joshi,Government,Retail
C01476,Meera Taylor,SMB,Finance
C01477,Sneha Joshi,Enterprise,IT
C01478,David Miller,Government,Finance
C01479,Neha Patel,Enterprise,Healthcare
C01480,Sai Sharma,SMB,IT
C01481,Daniel Miller,SMB,Retail
C01482,David Miller,Enterprise,IT
C01483,Sneha Iyer,Enterprise,Finance
C01484,Rohan Taylor,SMB,Retail
C01485,Nisha Nair,Enterprise,Finance
C01486,Meera Reddy,Enterprise,IT
C01487,Aditya Singh,Retail,Finance
C01488,Karthik Kumar,Retail,Finance
C01489,John Joshi,SMB,Healthcare
C01490,Rohan Patel,Enterprise,Retail
C01491,David Joshi,Retail,IT
C01492,David Thomas,Retail,IT
C01493,John Brown,SMB,Retail
C01494,Sarah Miller,Retail,Finance
C01495,Vivaan Davis,Enterprise,Healthcare
C01496,Michael Johnson,SMB,Retail
C01497,John Sharma,Enterprise,Retail
C01498,Sneha Singh,SMB,Healthcare
C01499,John Joshi,Enterprise,Retail
C01500,Nisha Davis,Enterprise,Healthcare
C01501,Aisha Patel,SMB,IT
C01502,Noah Nair,Enterprise,Healthcare
C01503,Michael Davis,SMB,Finance
C01504,Sarah Singh,Government,Retail
C01505,Emily Brown,Enterprise,IT
C01506,Meera Patel,Enterprise,IT
C01507,Meera Sharma,Government,Healthcare
C01508,Aisha Williams,Retail,Finance
C01509,Neha Sharma,Retail,IT
C01510,Sophia Johnson,Government,Retail
C01511,Nisha Reddy,Enterprise,Retail
C01512,Neha Reddy,SMB,Retail
C01513,Sneha Kumar,SMB,IT
C01514,Vikram Anderson,Government,Retail
C01515,Sai Gupta,Enterprise,Retail
C01516,Michael Reddy,Enterprise,Finance
C01517,Sarah Iyer,Enterprise,Healthcare
C01518,Noah Wilson,Government,Healthcare
C01519,Noah Joshi,Government,IT
C01520,Vikram Verma,Retail,Retail
C01521,Sneha Joshi,Government,Retail
C01522,Vivaan Brown,Enterprise,Healthcare
C01523,Kavya Sharma,SMB,Retail
C01524,Harish Sharma,Retail,Healthcare
C01525,Meera Anderson,Government,Finance
C01526,Divya Anderson,Enterprise,Healthcare
C01527,Aarav Nair,SMB,IT
C01528,Olivia Kumar,Government,Healthcare
C01529,David Anderson,Enterprise,Healthcare
C01530,Sophia Wilson,SMB,IT
C01531,Harish Taylor,Enterprise,Healthcare
C01532,Sai Johnson,SMB,Healthcare
C01533,Sarah Smith,SMB,Finance
C01534,Karthik Sharma,Government,IT
C01535,Sai Thomas,Government,IT
C01536,Arjun Taylor,Enterprise,Retail
C01537,Divya Davis,SMB,Retail
C01538,Meera Kumar,Enterprise,Finance
C01539,Nisha Reddy,Enterprise,Healthcare
C01540,Divya Brown,Retail,Healthcare
C01541,Liam Patel,Government,IT
C01542,Pooja Miller,Government,Healthcare
C01543,Sarah Miller,Government,Finance
C01544,Karthik Reddy,SMB,IT
C01545,Arjun Taylor,SMB,Healthcare
C01546,Pooja Kumar,Retail,IT
C01547,Harish Wilson,Government,Finance
C01548,Nisha Singh,Government,Finance
C01549,Divya Williams,Enterprise,IT
C01550,Meera Thomas,Enterprise,Healthcare
C01551,Priya Nair,Retail,IT
C01552,Sophia Taylor,SMB,Finance
C01553,Aarav Verma,SMB,Finance
C01554,David Kumar,Government,Healthcare
C01555,Ananya Nair,SMB,Finance
C01556,Aisha Miller,Government,Healthcare
C01557,Divya Sharma,Retail,Healthcare
C01558,Priya Gupta,Government,Finance
C01559,Neha Williams,Government,Finance
C01560,John Williams,Enterprise,Finance
C01561,Karthik Johnson,Enterprise,Healthcare
C01562,Michael Johnson,Enterprise,IT
C01563,Karthik Joshi,Government,Finance
C01564,Emily Iyer,SMB,IT
C01565,Sneha Johnson,Enterprise,Retail
C01566,Liam Thomas,Retail,Retail
C01567,Rahul Williams,Government,IT
C01568,Aarav Taylor,Retail,Retail
C01569,Priya Reddy,Enterprise,Finance
C01570,Harish Johnson,Government,Healthcare
C01571,Rohan Gupta,Government,Retail
C01572,Arjun Wilson,Government,Retail
C01573,Karthik Joshi,Enterprise,IT
C01574,Rahul Anderson,Government,Retail
C01575,John Davis,SMB,Finance
C01576,Liam Kumar,SMB,Finance
C01577,Emily Thomas,Retail,Finance
C01578,Sophia Smith,Retail,Healthcare
C01579,Karthik Iyer,Enterprise,IT
C01580,Vikram Gupta,Government,Healthcare
C01581,Priya Sharma,Government,Retail
C01582,Meera Patel,Enterprise,IT
C01583,Arjun Sharma,Retail,Healthcare
C01584,John Davis,Government,IT
C01585,Vikram Davis,Enterprise,Healthcare
C01586,Harish Verma,Government,IT
C01587,Nisha Reddy,Enterprise,IT
C01588,Daniel Kumar,Enterprise,Finance
C01589,Aarav Joshi,Government,Healthcare
C01590,John Patel,Enterprise,Retail
C01591,Sarah Nair,Retail,IT
C01592,Divya Singh,Enterprise,Healthcare
C01593,Neha Johnson,Enterprise,IT
C01594,Divya Williams,Retail,Retail
C01595,Michael Anderson,Government,IT
C01596,Michael Smith,SMB,IT
C01597,Karthik Gupta,SMB,Healthcare
C01598,Priya Verma,Government,IT
C01599,Michael Miller,SMB,IT
C01600,Vivaan Patel,Retail,Healthcare
C01601,Harish Kumar,SMB,IT
C01602,Sophia Wilson,SMB,Retail
C01603,Meera Anderson,Retail,Healthcare
C01604,Arjun Singh,Enterprise,IT
C01605,Pooja Nair,Government,Finance
C01606,Arjun Gupta,Retail,Healthcare
C01607,Nisha Anderson,Enterprise,Retail
C01608,David Joshi,Retail,Finance
C01609,Daniel Patel,Retail,IT
C01610,Vivaan Patel,SMB,Healthcare
C01611,Sarah Anderson,Retail,Retail
C01612,Daniel Smith,SMB,Retail
C01613,Nisha Nair,Government,IT
C01614,Emily Davis,Enterprise,Retail
C01615,Sneha Smith,Government,Finance
C01616,Nisha Verma,SMB,Retail
C01617,John Gupta,Retail,Finance
C01618,Olivia Taylor,SMB,Healthcare
C01619,David Joshi,Enterprise,Retail
C01620,Pooja Verma,Retail,Healthcare
C01621,David Thomas,Government,Retail
C01622,Pooja Davis,Retail,Healthcare
C01623,Ananya Patel,SMB,Retail
C01624,Sophia Anderson,Retail,Healthcare
C01625,Pooja Verma,Retail,IT
C01626,Vivaan Taylor,Enterprise,Finance
C01627,Olivia Kumar,Government,Retail
C01628,Neha Davis,Retail,IT
C01629,Aarav Miller,Government,IT
C01630,Pooja Taylor,Retail,Finance
C01631,Divya Patel,Retail,Retail
C01632,Rohan Thomas,Government,IT
C01633,Rohan Johnson,Government,Retail
C01634,Olivia Joshi,Enterprise,IT
C01635,Rohan Verma,Enterprise,Retail
C01636,Emily Williams,SMB,Retail
C01637,Divya Williams,Retail,Retail
C01638,Arjun Patel,Enterprise,Finance
C01639,Harish Verma,Retail,IT
C01640,Rohan Thomas,Enterprise,IT
C01641,Kavya Iyer,Government,IT
C01642,Sophia Taylor,Government,Healthcare
C01643,Kavya Thomas,Government,IT
C01644,Noah Anderson,SMB,IT
C01645,Meera Thomas,Enterprise,Retail
C01646,Divya Patel,SMB,Retail
C01647,Noah Sharma,Retail,Finance
C01648,Ananya Reddy,Enterprise,Retail
C01649,Divya Williams,SMB,IT
C01650,Michael Gupta,Retail,Finance
C01651,Aarav Kumar,Retail,Healthcare
C01652,Aisha Wilson,SMB,IT
C01653,Karthik Thomas,Enterprise,Finance
C01654,Daniel Smith,Retail,Retail
C01655,Rohan Miller,Enterprise,Healthcare
C01656,Rohan Reddy,Retail,Healthcare
C01657,Priya Williams,Enterprise,Healthcare
C01658,Nisha Joshi,Government,IT
C01659,Aditya Wilson,Enterprise,IT
C01660,Emily Singh,Enterprise,Healthcare
C01661,Liam Joshi,Government,Retail
C01662,Vivaan Taylor,Government,IT
C01663,Sneha Johnson,SMB,Retail
C01664,Karthik Gupta,Enterprise,IT
C01665,Rahul Iyer,SMB,Healthcare
C01666,Sophia Nair,Enterprise,Finance
C01667,Pooja Taylor,SMB,Retail
C01668,John Thomas,Government,Finance
C01669,Sai Johnson,SMB,Finance
C01670,Vivaan Kumar,Enterprise,Retail
C01671,Vikram Taylor,Retail,IT
C01672,Sarah Smith,SMB,Healthcare
C01673,Neha Taylor,SMB,IT
C01674,Aarav Kumar,SMB,IT
C01675,Vikram Patel,Enterprise,Finance
C01676,Emily Wilson,SMB,Retail
C01677,Kavya Smith,Government,Healthcare
C01678,Rahul Verma,Retail,Healthcare
C01679,Sneha Davis,Retail,IT
C01680,John Brown,Enterprise,Finance
C01681,Aisha Singh,Retail,Healthcare
C01682,Arjun Johnson,SMB,Retail
C01683,Arjun Iyer,Government,Retail
C01684,Daniel Taylor,Enterprise,Retail
C01685,Emily Thomas,SMB,IT
C01686,Vivaan Joshi,Government,Retail
C01687,Sai Miller,Retail,IT
C01688,Rahul Kumar,SMB,Retail
C01689,Sneha Johnson,Retail,Retail
C01690,Arjun Taylor,Retail,Finance
C01691,Aarav Kumar,SMB,Healthcare
C01692,Aditya Williams,Government,IT
C01693,Olivia Reddy,Enterprise,IT
C01694,Liam Thomas,Enterprise,IT
C01695,Harish Miller,Government,Retail
C01696,Arjun Kumar,Enterprise,Retail
C01697,Rahul Brown,Enterprise,IT
C01698,Neha Kumar,Enterprise,Retail
C01699,Sai Patel,Government,Healthcare
C01700,Sophia Verma,Enterprise,Healthcare
C01701,Michael Nair,SMB,Retail
C01702,Sneha Thomas,SMB,Healthcare
C01703,Divya Verma,Enterprise,Retail
C01704,Vikram Kumar,Government,Healthcare
C01705,Olivia Taylor,SMB,Retail
C01706,Vikram Verma,Government,Finance
C01707,Sophia Sharma,Government,IT
C01708,Aditya Johnson,Government,Healthcare
C01709,Sarah Patel,Government,Retail
C01710,Divya Smith,SMB,Retail
C01711,Pooja Iyer,Enterprise,Finance
C01712,Daniel Wilson,Retail,Retail
C01713,Daniel Johnson,Enterprise,Retail
C01714,Sai Sharma,Government,Retail
C01715,Harish Wilson,SMB,IT
C01716,Liam Taylor,SMB,Healthcare
C01717,Rohan Gupta,Government,Finance
C01718,Divya Singh,Retail,IT
C01719,Rahul Patel,SMB,Healthcare
C01720,Aditya Davis,Government,IT
C01721,Nisha Nair,SMB,Healthcare
C01722,Aisha Taylor,Enterprise,Retail
C01723,Sarah Anderson,Enterprise,Retail
C01724,Aarav Smith,Government,IT
C01725,Neha Kumar,Retail,Healthcare
C01726,Harish Thomas,Government,Healthcare
C01727,Daniel Gupta,SMB,Finance
C01728,Aisha Gupta,SMB,IT
C01729,Sneha Miller,SMB,IT
C01730,Divya Anderson,Government,Retail
C01731,Kavya Miller,Government,Finance
C01732,Divya Reddy,Enterprise,Finance
C01733,Kavya Sharma,Retail,IT
C01734,Rohan Kumar,SMB,IT
C01735,Karthik Iyer,Government,IT
C01736,Noah Wilson,Retail,Retail
C01737,Aisha Thomas,Enterprise,Retail
C01738,Liam Joshi,Retail,Finance
C01739,Emily Williams,Retail,Healthcare
C01740,Kavya Nair,SMB,Retail
C01741,Aarav Thomas,SMB,Finance
C01742,Divya Williams,Retail,IT
C01743,Sneha Nair,Enterprise,Finance
C01744,Olivia Verma,Enterprise,Retail
C01745,Neha Taylor,Enterprise,Finance
C01746,Noah Anderson,SMB,Healthcare
C01747,Kavya Iyer,Retail,Finance
C01748,Vivaan Wilson,Enterprise,IT
C01749,Pooja Williams,SMB,IT
C01750,Vivaan Williams,Enterprise,Finance
C01751,Karthik Miller,Government,Retail
C01752,David Joshi,Retail,Finance
C01753,Emily Johnson,Enterprise,Retail
C01754,Sneha Wilson,Enterprise,IT
C01755,Olivia Reddy,Enterprise,Retail
C01756,Vikram Taylor,Retail,Retail
C01757,Divya Johnson,SMB,Retail
C01758,Emily Singh,SMB,IT
C01759,Rohan Kumar,Retail,Healthcare
C01760,Aditya Smith,SMB,IT
C01761,Priya Wilson,Enterprise,Healthcare
C01762,Divya Joshi,Retail,Finance
C01763,Priya Anderson,SMB,Retail
C01764,Arjun Iyer,Enterprise,Retail
C01765,Arjun Iyer,Government,IT
C01766,Meera Joshi,Enterprise,Retail
C01767,Michael Johnson,SMB,Healthcare
C01768,Sneha Davis,SMB,Finance
C01769,Olivia Taylor,SMB,Healthcare
C01770,Olivia Singh,Retail,Retail
C01771,Vivaan Davis,Government,Healthcare
C01772,Divya Kumar,Enterprise,Finance
C01773,Michael Wilson,Retail,IT
C01774,Sai Sharma,Enterprise,Finance
C01775,Aisha Taylor,Enterprise,Healthcare
C01776,Rohan Kumar,Government,IT
C01777,Emily Miller,Government,Healthcare
C01778,Aisha Smith,Enterprise,Finance
C01779,Daniel Wilson,SMB,Finance
C01780,Rohan Gupta,Government,IT
C01781,Sophia Davis,SMB,Finance
C01782,Pooja Anderson,SMB,Retail
C01783,Aditya Thomas,SMB,Healthcare
C01784,David Reddy,SMB,Retail
C01785,Ananya Thomas,Government,Healthcare
C01786,Michael Gupta,Retail,IT
C01787,Sneha Gupta,SMB,Finance
C01788,Noah Verma,Retail,Healthcare
C01789,Harish Gupta,Government,IT
C01790,Sarah Reddy,Government,IT
C01791,Nisha Miller,SMB,Healthcare
C01792,Rahul Patel,Retail,Finance
C01793,Sai Verma,Retail,IT
C01794,Sai Taylor,Enterprise,IT
C01795,Olivia Williams,Retail,Healthcare
C01796,Rahul Brown,Government,IT
C01797,Olivia Sharma,Enterprise,Healthcare
C01798,Rahul Sharma,Enterprise,Healthcare
C01799,Rahul Miller,Retail,IT
C01800,John Joshi,SMB,Healthcare
C01801,Sophia Wilson,Retail,IT
C01802,Karthik Johnson,Enterprise,IT
C01803,Nisha Singh,Enterprise,IT
C01804,Aisha Singh,Retail,Healthcare
C01805,Sneha Davis,Government,IT
C01806,Noah Joshi,SMB,Healthcare
C01807,Michael Iyer,Retail,IT
C01808,Kavya Davis,SMB,IT
C01809,Nisha Taylor,Enterprise,Healthcare
C01810,Olivia Gupta,SMB,Healthcare
C01811,Arjun Williams,Enterprise,Finance
C01812,Divya Taylor,SMB,Retail
C01813,Harish Brown,Government,Healthcare
C01814,Vikram Nair,Government,Retail
C01815,Liam Anderson,SMB,Retail
C01816,Ananya Reddy,SMB,Retail
C01817,Priya Miller,Retail,Finance
C01818,John Miller,Retail,Finance
C01819,Aditya Iyer,SMB,Healthcare
C01820,Vivaan Patel,Government,Finance
C01821,Neha Smith,Government,Finance
C01822,Harish Patel,Retail,Retail
C01823,Liam Wilson,Government,Healthcare
C01824,Rahul Sharma,SMB,IT
C01825,Emily Iyer,Retail,IT
C01826,Priya Smith,Enterprise,IT
C01827,Aarav Joshi,Enterprise,Healthcare
C01828,Priya Wilson,Enterprise,Healthcare
C01829,Karthik Reddy,Retail,Retail
C01830,Sneha Reddy,Retail,Healthcare
C01831,Olivia Thomas,Retail,Finance
C01832,Aisha Miller,SMB,Finance
C01833,Liam Verma,Retail,Retail
C01834,Meera Gupta,SMB,Finance
C01835,Harish Verma,Government,IT
C01836,Pooja Anderson,Retail,Retail
C01837,Divya Johnson,Enterprise,Finance
C01838,Rahul Miller,Government,Retail
C01839,David Taylor,Government,IT
C01840,Michael Smith,Government,IT
C01841,Rohan Miller,SMB,Retail
C01842,Karthik Verma,Retail,Healthcare
C01843,Vivaan Patel,Retail,Healthcare
C01844,Priya Joshi,Enterprise,Finance
C01845,Nisha Miller,Retail,Finance
C01846,Aditya Brown,Government,IT
C01847,Divya Johnson,Government,IT
C01848,Aditya Singh,SMB,Retail
C01849,Priya Verma,Government,Retail
C01850,Vivaan Verma,Government,IT
C01851,Aditya Verma,Retail,Healthcare
C01852,Priya Johnson,Retail,Retail
C01853,Sai Thomas,Retail,Retail
C01854,Pooja Sharma,Government,Finance
C01855,Ananya Iyer,Enterprise,Retail
C01856,Kavya Brown,Retail,IT
C01857,Karthik Joshi,Retail,Healthcare
C01858,Sarah Thomas,Enterprise,Healthcare
C01859,Aisha Joshi,Enterprise,Finance
C01860,Neha Reddy,Enterprise,Finance
C01861,Olivia Iyer,Government,Healthcare
C01862,Aisha Smith,Retail,Healthcare
C01863,Olivia Patel,Retail,Healthcare
C01864,Meera Kumar,Enterprise,IT
C01865,Meera Verma,Government,Retail
C01866,Vivaan Anderson,SMB,IT
C01867,Sai Iyer,Government,IT
C01868,Aditya Johnson,Government,IT
C01869,David Davis,Government,Retail
C01870,Vivaan Taylor,Retail,IT
C01871,Aarav Brown,SMB,Finance
C01872,Harish Reddy,Enterprise,Healthcare
C01873,Harish Reddy,Government,Retail
C01874,Aisha Verma,Enterprise,Finance
C01875,John Sharma,Government,Finance
C01876,Sophia Kumar,SMB,Healthcare
C01877,Sai Miller,Government,Retail
C01878,Aarav Johnson,Enterprise,Retail
C01879,Nisha Brown,Government,Retail
C01880,Karthik Wilson,Enterprise,Healthcare
C01881,Nisha Joshi,Retail,Retail
C01882,John Davis,Government,Finance
C01883,Neha Johnson,SMB,IT
C01884,Sneha Anderson,SMB,Retail
C01885,Meera Patel,Government,Finance
C01886,Aditya Joshi,Enterprise,IT
C01887,Aisha Miller,SMB,Finance
C01888,Liam Thomas,Enterprise,IT
C01889,David Joshi,SMB,Finance
C01890,David Joshi,Government,Retail
C01891,Sarah Brown,Government,Finance
C01892,Liam Taylor,SMB,Healthcare
C01893,Aisha Smith,Government,Healthcare
C01894,Harish Wilson,SMB,IT
C01895,Meera Taylor,SMB,Retail
C01896,Liam Wilson,Enterprise,IT
C01897,Sai Taylor,SMB,IT
C01898,Aditya Patel,Government,Finance
C01899,Meera Joshi,SMB,IT
C01900,Ananya Nair,Enterprise,IT
C01901,Nisha Kumar,SMB,IT
C01902,Sai Wilson,Enterprise,Healthcare
C01903,Pooja Taylor,Enterprise,Retail
C01904,Rahul Taylor,SMB,Retail
C01905,Priya Thomas,Retail,Healthcare
C01906,Sarah Davis,Retail,IT
C01907,Michael Joshi,SMB,Finance
C01908,Daniel Singh,Government,IT
C01909,Arjun Gupta,Government,Healthcare
C01910,Emily Davis,Retail,Retail
C01911,Kavya Verma,Enterprise,Retail
C01912,Rohan Patel,Government,IT
C01913,Vikram Iyer,Government,IT
C01914,Aditya Thomas,Government,Retail
C01915,Pooja Taylor,Retail,Healthcare
C01916,Rohan Reddy,Government,Healthcare
C01917,Aisha Singh,Government,Retail
C01918,Olivia Patel,Government,Healthcare
C01919,Michael Sharma,Government,Finance
C01920,John Patel,SMB,Retail
C01921,Sarah Reddy,Government,IT
C01922,Liam Iyer,Retail,IT
C01923,Kavya Gupta,SMB,Healthcare
C01924,Ananya Thomas,Government,Finance
C01925,Sneha Thomas,Retail,Finance
C01926,Daniel Brown,Government,IT
C01927,Michael Brown,Retail,Healthcare
C01928,Ananya Smith,Enterprise,Finance
C01929,Kavya Nair,Government,Retail
C01930,Priya Taylor,SMB,Retail
C01931,Sneha Verma,Enterprise,Healthcare
C01932,Noah Wilson,Enterprise,IT
C01933,Karthik Davis,SMB,Healthcare
C01934,Noah Johnson,Retail,Finance
C01935,Aditya Williams,SMB,IT
C01936,David Kumar,SMB,IT
C01937,Kavya Kumar,Enterprise,Healthcare
C01938,Sai Singh,Retail,Retail
C01939,Nisha Brown,SMB,Retail
C01940,Daniel Anderson,Enterprise,Healthcare
C01941,Liam Joshi,Enterprise,Finance
C01942,David Miller,Enterprise,Finance
C01943,David Wilson,Retail,Retail
C01944,Priya Iyer,Enterprise,Retail
C01945,Michael Gupta,Government,Finance
C01946,Olivia Iyer,SMB,Healthcare
C01947,Neha Anderson,Retail,IT
C01948,Michael Sharma,Retail,IT
C01949,Michael Miller,Retail,Retail
C01950,Ananya Sharma,Enterprise,Healthcare
C01951,John Thomas,Enterprise,IT
C01952,John Nair,Enterprise,Healthcare
C01953,Rohan Miller,Retail,Healthcare
C01954,Sneha Miller,Government,IT
C01955,Aditya Reddy,SMB,IT
C01956,Olivia Taylor,Retail,IT
C01957,Kavya Kumar,Retail,IT
C01958,Karthik Singh,SMB,Healthcare
C01959,Aarav Brown,Retail,Retail
C01960,Ananya Nair,SMB,Finance
C01961,Vikram Anderson,Government,IT
C01962,Rohan Patel,Enterprise,Retail
C01963,Sarah Sharma,Retail,Retail
C01964,Liam Williams,Retail,IT
C01965,Aarav Nair,SMB,Healthcare
C01966,Meera Williams,Enterprise,Finance
C01967,Neha Miller,Enterprise,Retail
C01968,Rahul Singh,Government,Finance
C01969,Rohan Davis,Enterprise,IT
C01970,Neha Johnson,Retail,Healthcare
C01971,Noah Gupta,Retail,Healthcare
C01972,Aarav Reddy,Retail,IT
C01973,Sneha Iyer,Enterprise,IT
C01974,Vivaan Miller,Retail,Healthcare
C01975,Sophia Miller,Enterprise,Healthcare
C01976,Michael Miller,SMB,Healthcare
C01977,John Reddy,SMB,Healthcare
C01978,Vikram Anderson,Enterprise,Healthcare
C01979,Emily Taylor,Retail,Healthcare
C01980,Kavya Sharma,Government,Finance
C01981,Sarah Taylor,Retail,IT
C01982,Olivia Joshi,Government,Healthcare
C01983,Meera Johnson,Enterprise,IT
C01984,Sarah Johnson,Enterprise,Retail
C01985,Nisha Wilson,Government,Retail
C01986,Sophia Anderson,Retail,Retail
C01987,Nisha Thomas,Enterprise,Retail
C01988,Olivia Anderson,Retail,IT
C01989,Rohan Patel,Government,Retail
C01990,Harish Verma,Enterprise,Healthcare
C01991,Sai Brown,Retail,Retail
C01992,Olivia Joshi,Government,Retail
C01993,Daniel Anderson,Government,Healthcare
C01994,Sneha Thomas,Enterprise,Retail
C01995,Nisha Brown,Government,Retail
C01996,Pooja Kumar,SMB,Retail
C01997,David Sharma,SMB,Healthcare
C01998,Divya Joshi,Retail,Retail
C01999,Vikram Gupta,Government,Finance
C02000,Karthik Singh,SMB,Finance
C02001,Rahul Iyer,Government,IT
C02002,Olivia Anderson,Retail,IT
C02003,Priya Iyer,Government,IT
C02004,Kavya Singh,Retail,Healthcare
C02005,Daniel Singh,Retail,Retail
C02006,Karthik Anderson,Retail,Finance
C02007,Aisha Singh,Enterprise,Retail
C02008,Divya Gupta,Government,Retail
C02009,Meera Iyer,Government,Finance
C02010,Aisha Miller,Enterprise,IT
C02011,Aditya Patel,Enterprise,Finance
C02012,Kavya Williams,Enterprise,Healthcare
C02013,Divya Reddy,SMB,Finance
C02014,David Singh,Enterprise,IT
C02015,Karthik Wilson,Retail,Finance
C02016,Emily Taylor,SMB,Healthcare
C02017,Michael Nair,Government,Finance
C02018,Priya Iyer,SMB,Healthcare
C02019,Karthik Patel,Government,Finance
C02020,Ananya Iyer,SMB,Healthcare
C02021,Aisha Sharma,Government,IT
C02022,Noah Kumar,Retail,Finance
C02023,Priya Anderson,Retail,Finance
C02024,Pooja Smith,SMB,IT
C02025,Emily Sharma,SMB,Finance
C02026,Arjun Thomas,SMB,Finance
C02027,Sophia Davis,Retail,Finance
C02028,Noah Johnson,Enterprise,Healthcare
C02029,Pooja Verma,Retail,IT
C02030,Sneha Verma,Enterprise,Retail
C02031,Kavya Kumar,SMB,Healthcare
C02032,Rahul Singh,Enterprise,Finance
C02033,Aditya Taylor,Enterprise,IT
C02034,Kavya Davis,Retail,Retail
C02035,Ananya Wilson,Retail,Finance
C02036,Ananya Nair,SMB,Finance
C02037,Vikram Thomas,SMB,Healthcare
C02038,Aisha Joshi,Enterprise,Finance
C02039,Daniel Taylor,Government,IT
C02040,Neha Taylor,SMB,Healthcare
C02041,Meera Verma,Retail,Healthcare
C02042,Noah Davis,Government,Finance
C02043,Aisha Gupta,Government,Finance
C02044,Meera Brown,Retail,Retail
C02045,Nisha Miller,SMB,Retail
C02046,Emily Singh,Government,Retail
C02047,Sneha Johnson,Retail,Finance
C02048,Vivaan Smith,Government,Finance
C02049,Sai Gupta,SMB,Retail
C02050,David Smith,SMB,Retail
C02051,Vivaan Joshi,Government,Finance
C02052,Aisha Joshi,SMB,IT
C02053,Meera Davis,Government,Healthcare
C02054,Rohan Patel,Government,Healthcare
C02055,Karthik Iyer,Retail,Healthcare
C02056,Sarah Nair,Government,Retail
C02057,Rahul Brown,Government,IT
C02058,Pooja Anderson,Government,Retail
C02059,Sai Nair,SMB,Healthcare
C02060,Sai Williams,Retail,Healthcare
C02061,Sophia Johnson,Retail,IT
C02062,Kavya Reddy,Government,IT
C02063,Michael Wilson,Retail,IT
C02064,Rohan Iyer,Retail,IT
C02065,Sophia Joshi,Enterprise,Finance
C02066,Noah Joshi,Enterprise,IT
C02067,Harish Verma,Government,Healthcare
C02068,Aditya Anderson,Retail,Retail
C02069,Emily Davis,SMB,Finance
C02070,Daniel Wilson,SMB,Retail
C02071,Liam Smith,Enterprise,IT
C02072,Kavya Anderson,SMB,Retail
C02073,Rohan Sharma,SMB,IT
C02074,Sneha Kumar,Retail,Healthcare
C02075,Priya Smith,Retail,Finance
C02076,Aisha Taylor,Government,Healthcare
C02077,Vivaan Nair,Government,Retail
C02078,Sai Thomas,Retail,IT
C02079,David Joshi,Government,IT
C02080,Sarah Brown,Retail,Healthcare
C02081,Sarah Iyer,Enterprise,IT
C02082,Pooja Singh,Retail,Retail
C02083,Sarah Wilson,SMB,Finance
C02084,Divya Joshi,Enterprise,Finance
C02085,Aisha Patel,SMB,Retail
C02086,Rohan Nair,Government,Finance
C02087,David Gupta,Enterprise,Healthcare
C02088,Priya Sharma,Retail,Retail
C02089,Aditya Reddy,Retail,Retail
C02090,Ananya Patel,SMB,IT
C02091,Vikram Anderson,Government,Healthcare
C02092,Sarah Davis,Government,Healthcare
C02093,Michael Williams,Retail,IT
C02094,Liam Gupta,SMB,Retail
C02095,Emily Taylor,Government,Healthcare
C02096,Michael Brown,SMB,Healthcare
C02097,Harish Williams,Government,Healthcare
C02098,Arjun Joshi,Retail,Retail
C02099,Pooja Iyer,SMB,Retail
C02100,Aisha Davis,Enterprise,Retail
C02101,Nisha Davis,Retail,Retail
C02102,Divya Brown,Retail,IT
C02103,Sneha Brown,SMB,Healthcare
C02104,Sarah Gupta,Enterprise,IT
C02105,Aisha Kumar,Government,Finance
C02106,Olivia Wilson,Retail,Healthcare
C02107,Pooja Brown,Enterprise,Retail
C02108,Meera Singh,Government,IT
C02109,Karthik Smith,SMB,Healthcare
C02110,Priya Joshi,SMB,IT
C02111,Noah Thomas,SMB,Retail
C02112,Rohan Nair,Retail,IT
C02113,Vikram Sharma,Enterprise,Healthcare
C02114,John Smith,Retail,IT
C02115,Sneha Brown,Government,Healthcare
C02116,Sarah Thomas,SMB,Healthcare
C02117,Arjun Davis,SMB,Healthcare
C02118,Aarav Williams,Government,Retail
C02119,Olivia Iyer,Enterprise,IT
C02120,Meera Nair,Retail,IT
C02121,John Williams,Retail,Healthcare
C02122,Ananya Williams,SMB,Retail
C02123,Kavya Davis,Government,Finance
C02124,Rohan Iyer,Government,IT
C02125,Vivaan Gupta,Enterprise,Retail
C02126,Harish Sharma,Enterprise,Finance
C02127,Aisha Singh,Enterprise,IT
C02128,Sneha Verma,Retail,IT
C02129,Harish Verma,Retail,Healthcare
C02130,Michael Kumar,Retail,Healthcare
C02131,Arjun Sharma,SMB,IT
C02132,Vivaan Taylor,Enterprise,Finance
C02133,David Johnson,SMB,IT
C02134,Divya Williams,Retail,IT
C02135,David Miller,SMB,IT
C02136,Sophia Miller,SMB,Finance
C02137,Vivaan Kumar,Retail,IT
C02138,Arjun Miller,Enterprise,Healthcare
C02139,Rohan Singh,Enterprise,Healthcare
C02140,Vikram Williams,Retail,Retail
C02141,Arjun Verma,Government,IT
C02142,Kavya Singh,SMB,Healthcare
C02143,Olivia Reddy,Enterprise,IT
C02144,Sai Wilson,Retail,Healthcare
C02145,Liam Johnson,Government,Finance
C02146,Rohan Johnson,Government,Finance
C02147,Nisha Patel,Retail,IT
C02148,Kavya Williams,Enterprise,Healthcare
C02149,Nisha Sharma,Enterprise,IT
C02150,Karthik Brown,Enterprise,IT
C02151,Olivia Anderson,Retail,Finance
C02152,Sophia Davis,Retail,Healthcare
C02153,Sophia Davis,Retail,Healthcare
C02154,Aditya Anderson,Retail,IT
C02155,Vikram Miller,Enterprise,Finance
C02156,Arjun Patel,Enterprise,Healthcare
C02157,Sai Anderson,Enterprise,IT
C02158,Emily Thomas,Government,Healthcare
C02159,Meera Reddy,SMB,Retail
C02160,Karthik Johnson,Enterprise,Healthcare
C02161,Sarah Thomas,Enterprise,Healthcare
C02162,Daniel Joshi,Enterprise,Healthcare
C02163,Arjun Reddy,Government,Retail
C02164,Olivia Smith,Retail,Healthcare
C02165,Karthik Wilson,SMB,IT
C02166,Sophia Miller,SMB,Finance
C02167,Noah Brown,Enterprise,IT
C02168,Rohan Nair,Enterprise,Healthcare
C02169,Kavya Patel,Government,IT
C02170,David Nair,Enterprise,Retail
C02171,Neha Iyer,Enterprise,Finance
C02172,Daniel Singh,Enterprise,IT
C02173,Neha Sharma,Enterprise,Healthcare
C02174,Michael Thomas,SMB,Retail
C02175,Rahul Johnson,Government,Finance
C02176,Harish Verma,Government,Healthcare
C02177,Priya Taylor,SMB,Retail
C02178,Kavya Anderson,Government,IT
C02179,Aditya Brown,Enterprise,Healthcare
C02180,Divya Thomas,Enterprise,Finance
C02181,Divya Verma,Retail,Healthcare
C02182,Kavya Iyer,Government,Retail
C02183,Pooja Iyer,Government,Retail
C02184,Liam Singh,Government,Retail
C02185,Karthik Smith,Enterprise,Healthcare
C02186,Meera Williams,Enterprise,Healthcare
C02187,Arjun Anderson,SMB,IT
C02188,Michael Thomas,Enterprise,Retail
C02189,Karthik Kumar,Retail,Finance
C02190,Pooja Reddy,Retail,IT
C02191,Pooja Reddy,Retail,Healthcare
C02192,David Reddy,SMB,Retail
C02193,Liam Miller,Enterprise,Retail
C02194,Kavya Smith,Government,Finance
C02195,Sai Taylor,SMB,Retail
C02196,Sarah Johnson,SMB,Healthcare
C02197,Arjun Verma,Retail,IT
C02198,Aisha Sharma,SMB,IT
C02199,John Verma,Government,Finance
C02200,Aisha Iyer,Retail,IT
C02201,Priya Thomas,Retail,Finance
C02202,David Iyer,Enterprise,Healthcare
C02203,Karthik Brown,Government,Retail
C02204,Sarah Thomas,Enterprise,Retail
C02205,Aisha Thomas,Government,Retail
C02206,Pooja Patel,Retail,Finance
C02207,Ananya Patel,Enterprise,Finance
C02208,Emily Williams,Government,IT
C02209,Neha Gupta,Enterprise,Retail
C02210,Nisha Joshi,Enterprise,Finance
C02211,Divya Sharma,Enterprise,IT
C02212,Ananya Nair,SMB,Healthcare
C02213,Emily Taylor,Enterprise,IT
C02214,Priya Kumar,Enterprise,Healthcare
C02215,Daniel Wilson,Retail,Finance
C02216,Michael Wilson,Retail,Healthcare
C02217,Vivaan Sharma,Enterprise,Retail
C02218,Sarah Patel,Retail,Healthcare
C02219,Vivaan Reddy,SMB,Healthcare
C02220,Sophia Davis,Government,Finance
C02221,Kavya Taylor,SMB,Healthcare
C02222,Sarah Joshi,Government,Finance
C02223,John Thomas,Government,IT
C02224,Karthik Anderson,Enterprise,Healthcare
C02225,Nisha Smith,Enterprise,Retail
C02226,Vikram Brown,Government,Healthcare
C02227,Daniel Miller,Government,Retail
C02228,Harish Miller,SMB,Retail
C02229,Nisha Anderson,Enterprise,IT
C02230,Arjun Williams,Enterprise,IT
C02231,Aditya Nair,Retail,Healthcare
C02232,Daniel Singh,Retail,IT
C02233,Aisha Nair,Enterprise,Finance
C02234,Priya Taylor,Retail,Healthcare
C02235,Pooja Sharma,Government,Retail
C02236,Liam Patel,Retail,Healthcare
C02237,Priya Iyer,SMB,Finance
C02238,Kavya Brown,Enterprise,Healthcare
C02239,Nisha Joshi,Enterprise,Healthcare
C02240,Harish Reddy,Government,Retail
C02241,John Johnson,SMB,IT
C02242,Rohan Anderson,SMB,Healthcare
C02243,Harish Taylor,Retail,Retail
C02244,Nisha Brown,Enterprise,Healthcare
C02245,Michael Verma,Retail,Healthcare
C02246,Harish Reddy,Enterprise,Finance
C02247,Harish Anderson,Enterprise,Retail
C02248,Neha Taylor,Government,IT
C02249,Sai Wilson,Enterprise,IT
C02250,Neha Reddy,Enterprise,Retail
C02251,Vivaan Brown,SMB,IT
C02252,Ananya Nair,Enterprise,Finance
C02253,Neha Thomas,Retail,IT
C02254,Meera Iyer,Retail,Retail
C02255,Meera Taylor,Enterprise,Healthcare
C02256,Olivia Nair,SMB,IT
C02257,Rahul Verma,SMB,Healthcare
C02258,Rohan Verma,Enterprise,IT
C02259,Nisha Joshi,Government,Healthcare
C02260,Vivaan Gupta,Enterprise,Healthcare
C02261,Rahul Nair,SMB,Retail
C02262,Olivia Taylor,Enterprise,Finance
C02263,Aditya Thomas,Government,Healthcare
C02264,Vikram Smith,Government,Retail
C02265,Ananya Brown,Retail,Healthcare
C02266,David Brown,Enterprise,Retail
C02267,Olivia Singh,SMB,Retail
C02268,Aisha Wilson,Government,Retail
C02269,Karthik Wilson,Retail,Healthcare
C02270,Meera Taylor,Enterprise,Finance
C02271,Aisha Taylor,Retail,IT
C02272,Karthik Joshi,Retail,Finance
C02273,Noah Wilson,SMB,Finance
C02274,Aditya Smith,Government,IT
C02275,Liam Taylor,SMB,IT
C02276,Emily Smith,Enterprise,IT
C02277,Pooja Kumar,SMB,Finance
C02278,Priya Brown,Government,Healthcare
C02279,Arjun Gupta,SMB,Retail
C02280,Aditya Anderson,Government,IT
C02281,John Miller,Government,IT
C02282,Kavya Gupta,SMB,Retail
C02283,Karthik Anderson,SMB,Healthcare
C02284,Liam Johnson,Retail,Healthcare
C02285,David Verma,Retail,Retail
C02286,Priya Smith,SMB,IT
C02287,Harish Davis,Retail,Healthcare
C02288,Aisha Singh,Government,IT
C02289,Daniel Gupta,Enterprise,Finance
C02290,Sophia Singh,Government,Healthcare
C02291,Divya Verma,Enterprise,Retail
C02292,David Williams,Retail,Finance
C02293,Sai Brown,Enterprise,Healthcare
C02294,Emily Miller,Government,Healthcare
C02295,Sophia Miller,Government,Retail
C02296,Vivaan Anderson,Government,IT
C02297,Daniel Nair,Retail,Finance
C02298,Emily Joshi,Government,Finance
C02299,Liam Wilson,Retail,Retail
C02300,Michael Verma,Enterprise,Retail
C02301,Aarav Johnson,SMB,IT
C02302,Priya Thomas,Enterprise,Healthcare
C02303,Rohan Taylor,Government,Finance
C02304,Vikram Williams,Enterprise,IT
C02305,Emily Johnson,SMB,Retail
C02306,Pooja Iyer,Retail,IT
C02307,Rohan Anderson,Retail,Finance
C02308,Harish Davis,Enterprise,IT
C02309,Meera Verma,Government,Retail
C02310,Pooja Reddy,Government,IT
C02311,John Singh,Retail,Retail
C02312,Harish Thomas,SMB,Healthcare
C02313,Sarah Gupta,Retail,Retail
C02314,Sai Kumar,Retail,Retail
C02315,Nisha Joshi,Enterprise,Healthcare
C02316,Priya Williams,SMB,Finance
C02317,Noah Iyer,Government,Retail
C02318,Aarav Wilson,Retail,Healthcare
C02319,Michael Joshi,Government,Retail
C02320,Emily Johnson,Enterprise,IT
C02321,Olivia Taylor,Enterprise,Healthcare
C02322,Noah Reddy,Enterprise,Healthcare
C02323,Pooja Singh,Retail,IT
C02324,Vivaan Joshi,Government,Finance
C02325,David Miller,SMB,Healthcare
C02326,Michael Johnson,SMB,IT
C02327,Karthik Iyer,Enterprise,Finance
C02328,Pooja Nair,Retail,Healthcare
C02329,Sarah Anderson,Retail,Retail
C02330,Arjun Williams,Enterprise,Healthcare
C02331,Meera Reddy,SMB,Healthcare
C02332,Aarav Taylor,Retail,IT
C02333,Rahul Johnson,Retail,Healthcare
C02334,Divya Joshi,Government,Finance
C02335,Daniel Taylor,Retail,Healthcare
C02336,Vivaan Wilson,Government,Retail
C02337,Ananya Anderson,Retail,IT
C02338,Noah Taylor,Government,Retail
C02339,Daniel Singh,Retail,Healthcare
C02340,Priya Nair,Government,Retail
C02341,Aditya Taylor,Retail,Retail
C02342,Rohan Taylor,Government,Retail
C02343,Arjun Thomas,Retail,Retail
C02344,Karthik Smith,Retail,Healthcare
C02345,Noah Sharma,SMB,Finance
C02346,Karthik Verma,Enterprise,Retail
C02347,Ananya Joshi,Government,IT
C02348,Harish Kumar,Government,Retail
C02349,Priya Joshi,Enterprise,Retail
C02350,Rahul Thomas,Enterprise,Healthcare
C02351,Vivaan Brown,SMB,Finance
C02352,Aarav Anderson,SMB,Healthcare
C02353,Nisha Patel,Government,IT
C02354,Divya Brown,Enterprise,Finance
C02355,David Brown,Government,Healthcare
C02356,Pooja Kumar,Retail,Healthcare
C02357,Sneha Miller,Government,Finance
C02358,Vivaan Iyer,SMB,Retail
C02359,Olivia Davis,Retail,Healthcare
C02360,Sarah Reddy,Enterprise,Retail
C02361,Michael Johnson,Government,Retail
C02362,Sneha Anderson,Retail,Healthcare
C02363,Pooja Brown,SMB,Retail
C02364,Olivia Sharma,Retail,Finance
C02365,Vivaan Reddy,SMB,Retail
C02366,Olivia Smith,Government,Healthcare
C02367,Sai Joshi,Enterprise,Finance
C02368,David Iyer,Enterprise,IT
C02369,Karthik Smith,Enterprise,Healthcare
C02370,Liam Sharma,SMB,Healthcare
C02371,Vivaan Davis,Government,Retail
C02372,Nisha Kumar,Enterprise,Retail
C02373,Meera Patel,Government,Finance
C02374,Meera Singh,Retail,Retail
C02375,Aarav Johnson,SMB,Finance
C02376,Neha Iyer,Government,Retail
C02377,John Miller,Enterprise,IT
C02378,Sai Nair,SMB,IT
C02379,Liam Anderson,Government,Finance
C02380,Olivia Miller,Enterprise,Healthcare
C02381,Sai Reddy,Government,IT
C02382,Meera Kumar,Retail,Finance
C02383,Harish Williams,Enterprise,Retail
C02384,Vivaan Williams,Enterprise,Finance
C02385,Vikram Brown,Retail,Healthcare
C02386,Vivaan Kumar,SMB,Retail
C02387,Emily Gupta,SMB,Retail
C02388,Michael Iyer,Enterprise,IT
C02389,Sai Gupta,Government,Finance
C02390,Vikram Anderson,Enterprise,Healthcare
C02391,Liam Brown,Retail,Retail
C02392,Vikram Nair,Enterprise,Healthcare
C02393,Aditya Brown,Enterprise,Healthcare
C02394,Vivaan Smith,Retail,Retail
C02395,Sai Johnson,Government,IT
C02396,Michael Taylor,Government,IT
C02397,Vikram Gupta,Enterprise,IT
C02398,Noah Iyer,SMB,IT
C02399,Aisha Thomas,Government,Healthcare
C02400,Pooja Iyer,Government,Retail
C02401,Harish Miller,Enterprise,IT
C02402,Rohan Nair,Government,Retail
C02403,Michael Wilson,Retail,Retail
C02404,Sophia Joshi,Government,Finance
C02405,Nisha Verma,Enterprise,IT
C02406,Karthik Kumar,Enterprise,IT
C02407,Aisha Wilson,Enterprise,Finance
C02408,Aisha Reddy,SMB,Healthcare
C02409,Nisha Kumar,SMB,Healthcare
C02410,Harish Joshi,Enterprise,Finance
C02411,Harish Joshi,Enterprise,Retail
C02412,Aarav Miller,SMB,Finance
C02413,Sneha Singh,Retail,Finance
C02414,David Williams,Enterprise,Retail
C02415,Divya Reddy,Enterprise,Retail
C02416,Ananya Verma,Enterprise,Healthcare
C02417,Neha Thomas,Government,Finance
C02418,Noah Miller,Government,Finance
C02419,Nisha Nair,SMB,Finance
C02420,Michael Reddy,Enterprise,IT
C02421,Harish Miller,Enterprise,Retail
C02422,Nisha Taylor,Retail,Retail
C02423,Neha Johnson,Enterprise,Finance
C02424,Nisha Iyer,SMB,Retail
C02425,Kavya Kumar,Enterprise,IT
C02426,Michael Nair,Enterprise,Finance
C02427,Aisha Taylor,Enterprise,Healthcare
C02428,Aisha Patel,Government,Healthcare
C02429,Sarah Sharma,SMB,Finance
C02430,Harish Taylor,Enterprise,Retail
C02431,Priya Wilson,Government,Finance
C02432,Meera Anderson,Retail,Healthcare
C02433,Ananya Patel,SMB,Finance
C02434,Emily Anderson,Enterprise,IT
C02435,Aisha Johnson,SMB,Healthcare
C02436,Vivaan Patel,Retail,IT
C02437,Aditya Gupta,Government,Healthcare
C02438,Liam Davis,SMB,Retail
C02439,Nisha Kumar,Enterprise,IT
C02440,Daniel Thomas,Retail,Healthcare
C02441,Aarav Patel,Government,Finance
C02442,John Williams,Government,Finance
C02443,Sneha Johnson,SMB,IT
C02444,Arjun Nair,Retail,Finance
C02445,Pooja Verma,Enterprise,Finance
C02446,Aisha Taylor,Enterprise,IT
C02447,Pooja Gupta,Retail,Finance
C02448,Liam Taylor,Government,IT
C02449,Karthik Patel,SMB,Retail
C02450,Michael Patel,Enterprise,Retail
C02451,Pooja Johnson,Government,Finance
C02452,Olivia Johnson,Enterprise,Finance
C02453,Arjun Williams,Retail,Finance
C02454,Karthik Iyer,SMB,Healthcare
C02455,Vikram Anderson,SMB,Finance
C02456,David Reddy,Enterprise,IT
C02457,Rahul Kumar,Enterprise,Healthcare
C02458,Michael Anderson,Enterprise,Finance
C02459,Meera Sharma,Retail,IT
C02460,Neha Reddy,Enterprise,Healthcare
C02461,Vivaan Anderson,Enterprise,IT
C02462,Vivaan Smith,Retail,Retail
C02463,Aisha Smith,Government,IT
C02464,Karthik Taylor,Enterprise,Healthcare
C02465,Daniel Reddy,Enterprise,Healthcare
C02466,Kavya Iyer,Retail,Finance
C02467,Sophia Nair,Government,IT
C02468,Pooja Davis,Government,Finance
C02469,Sophia Thomas,Enterprise,IT
C02470,Sneha Iyer,Enterprise,IT
C02471,Olivia Iyer,Enterprise,Retail
C02472,Aarav Wilson,Retail,IT
C02473,Liam Davis,SMB,Finance
C02474,Rahul Reddy,Retail,Finance
C02475,Olivia Reddy,Government,Retail
C02476,Aditya Brown,Enterprise,Finance
C02477,Noah Smith,Retail,Finance
C02478,Rahul Wilson,SMB,Healthcare
C02479,Aditya Miller,SMB,IT
C02480,Liam Nair,Government,Healthcare
C02481,Kavya Joshi,Retail,Finance
C02482,Emily Johnson,Enterprise,Retail
C02483,Ananya Brown,Enterprise,Retail
C02484,David Wilson,Enterprise,Finance
C02485,Divya Joshi,Retail,Finance
C02486,Rahul Smith,Retail,IT
C02487,Meera Williams,Enterprise,Healthcare
C02488,Harish Verma,SMB,Healthcare
C02489,Aditya Williams,Retail,IT
C02490,Sophia Taylor,Government,Finance
C02491,Pooja Sharma,Enterprise,Retail
C02492,Aisha Joshi,Government,Finance
C02493,Sai Davis,Government,Retail
C02494,Vikram Miller,Retail,Finance
C02495,Noah Patel,Enterprise,Healthcare
C02496,Sophia Taylor,Enterprise,Healthcare
C02497,Kavya Taylor,Retail,Retail
C02498,Sarah Iyer,Retail,Finance
C02499,Michael Kumar,Retail,Retail
C02500,Sophia Joshi,Retail,Finance
C02501,Liam Verma,Enterprise,Retail
C02502,Liam Williams,Retail,IT
C02503,Rohan Reddy,Retail,IT
C02504,David Brown,Government,Retail
C02505,Liam Davis,Retail,Finance
C02506,Priya Wilson,Retail,Finance
C02507,Priya Gupta,Retail,IT
C02508,Aditya Anderson,SMB,Healthcare
C02509,John Anderson,Government,Healthcare
C02510,Pooja Kumar,SMB,Retail
C02511,Pooja Anderson,Retail,Retail
C02512,Pooja Nair,SMB,Retail
C02513,Rohan Joshi,Government,IT
C02514,Liam Reddy,SMB,IT
C02515,Liam Thomas,SMB,Retail
C02516,Rohan Davis,Retail,IT
C02517,Vivaan Sharma,Retail,Healthcare
C02518,Kavya Brown,Enterprise,Healthcare
C02519,Nisha Brown,Enterprise,Finance
C02520,Aarav Brown,Government,Healthcare
C02521,Aarav Smith,Government,Finance
C02522,Aarav Davis,Retail,Retail
C02523,Aarav Reddy,Retail,Healthcare
C02524,Priya Smith,Retail,Healthcare
C02525,Rohan Verma,Retail,Healthcare
C02526,Rohan Verma,Government,IT
C02527,Emily Brown,Enterprise,IT
C02528,Noah Nair,SMB,IT
C02529,Emily Brown,Government,IT
C02530,Rohan Smith,Enterprise,Finance
C02531,Aditya Kumar,Government,IT
C02532,John Johnson,Retail,Finance
C02533,Nisha Nair,SMB,Retail
C02534,Rahul Davis,Government,Retail
C02535,John Williams,Retail,Finance
C02536,Priya Johnson,Enterprise,Retail
C02537,Nisha Anderson,SMB,IT
C02538,Sneha Williams,Retail,IT
C02539,Ananya Kumar,SMB,Retail
C02540,Aditya Gupta,Retail,Finance
C02541,Nisha Singh,Government,IT
C02542,Sai Gupta,Enterprise,Healthcare
C02543,Vikram Davis,Government,IT
C02544,Sneha Joshi,SMB,Finance
C02545,Vikram Reddy,Government,IT
C02546,Emily Williams,Enterprise,Finance
C02547,Aarav Williams,Government,Finance
C02548,Sai Kumar,Retail,Finance
C02549,Sneha Nair,SMB,Healthcare
C02550,Noah Singh,Government,Retail
C02551,Rohan Sharma,Retail,Retail
C02552,Priya Patel,Government,IT
C02553,Sarah Thomas,Retail,Healthcare
C02554,Sophia Joshi,Retail,Finance
C02555,Karthik Nair,Government,Retail
C02556,Vikram Thomas,Enterprise,IT
C02557,Daniel Verma,SMB,Healthcare
C02558,Sai Verma,Government,Healthcare
C02559,Sai Joshi,Retail,Finance
C02560,Arjun Nair,Retail,Healthcare
C02561,Liam Nair,SMB,IT
C02562,Sarah Thomas,Enterprise,IT
C02563,Aarav Wilson,Government,Finance
C02564,Olivia Williams,Enterprise,Retail
C02565,Emily Nair,Government,IT
C02566,Arjun Williams,SMB,Finance
C02567,Karthik Smith,Government,Healthcare
C02568,Aarav Miller,Enterprise,Finance
C02569,Michael Reddy,Government,IT
C02570,Sai Williams,Enterprise,Healthcare
C02571,Sarah Joshi,Enterprise,IT
C02572,David Sharma,SMB,Retail
C02573,Ananya Verma,SMB,Retail
C02574,Ananya Smith,Government,IT
C02575,Kavya Gupta,Enterprise,Healthcare
C02576,Noah Anderson,Enterprise,Healthcare
C02577,Meera Thomas,Government,Retail
C02578,Divya Wilson,Government,Finance
C02579,Pooja Miller,Retail,Finance
C02580,Priya Singh,SMB,Retail
C02581,Sophia Patel,Retail,Finance
C02582,Rohan Sharma,SMB,Healthcare
C02583,Harish Davis,SMB,Finance
C02584,Aisha Gupta,Government,Healthcare
C02585,David Wilson,Retail,Finance
C02586,Emily Thomas,Enterprise,IT
C02587,Liam Williams,Enterprise,Retail
C02588,Sarah Nair,Government,Healthcare
C02589,Sai Sharma,Government,IT
C02590,Sarah Miller,Retail,IT
C02591,Harish Miller,Retail,IT
C02592,Karthik Singh,Retail,Finance
C02593,Nisha Verma,Enterprise,Healthcare
C02594,Divya Nair,Retail,Healthcare
C02595,Arjun Joshi,Government,Retail
C02596,Aisha Sharma,Retail,IT
C02597,Aditya Miller,Government,Healthcare
C02598,Kavya Gupta,Enterprise,Healthcare
C02599,Arjun Iyer,SMB,Finance
C02600,Sai Sharma,Enterprise,Retail
C02601,David Davis,Retail,Healthcare
C02602,Aarav Davis,SMB,Retail
C02603,Vikram Smith,Retail,IT
C02604,Harish Iyer,Enterprise,Healthcare
C02605,Sarah Taylor,SMB,Retail
C02606,Olivia Singh,SMB,Finance
C02607,Divya Brown,Enterprise,Retail
C02608,Nisha Singh,SMB,IT
C02609,Ananya Singh,Retail,Finance
C02610,Sophia Wilson,Enterprise,Healthcare
C02611,Vikram Smith,Retail,Healthcare
C02612,Sophia Johnson,SMB,Retail
C02613,Harish Miller,Enterprise,Retail
C02614,Nisha Williams,Retail,IT
C02615,John Davis,SMB,Healthcare
C02616,John Smith,Retail,Finance
C02617,Karthik Kumar,Enterprise,Healthcare
C02618,Aisha Wilson,Government,IT
C02619,Arjun Thomas,Retail,Healthcare
C02620,Karthik Brown,Enterprise,Finance
C02621,Priya Brown,Enterprise,Retail
C02622,Meera Davis,Government,Finance
C02623,Rahul Thomas,Retail,Finance
C02624,Michael Patel,Government,IT
C02625,Meera Brown,Retail,Retail
C02626,Neha Anderson,Enterprise,Finance
C02627,Ananya Williams,Enterprise,Healthcare
C02628,Noah Patel,SMB,Finance
C02629,Pooja Nair,Government,Retail
C02630,Priya Kumar,Government,Finance
C02631,Sneha Williams,Retail,Retail
C02632,Noah Nair,SMB,IT
C02633,Emily Johnson,Retail,IT
C02634,Michael Iyer,Retail,Healthcare
C02635,Liam Iyer,SMB,Healthcare
C02636,Neha Kumar,Retail,Healthcare
C02637,Pooja Kumar,Government,Healthcare
C02638,Ananya Miller,Retail,Healthcare
C02639,Rohan Joshi,Government,Retail
C02640,Neha Gupta,Retail,Finance
C02641,Nisha Singh,Retail,Finance
C02642,Sai Wilson,Government,Finance
C02643,Ananya Williams,Retail,Finance
C02644,Nisha Iyer,Government,Retail
C02645,Emily Williams,Enterprise,Healthcare
C02646,John Smith,Retail,Retail
C02647,Vivaan Smith,Retail,Finance
C02648,Sarah Singh,Retail,IT
C02649,Ananya Sharma,Enterprise,Healthcare
C02650,Aisha Iyer,Government,Healthcare
C02651,Rahul Taylor,Government,Healthcare
C02652,Aisha Iyer,Retail,Healthcare
C02653,Aarav Williams,Government,Healthcare
C02654,Sophia Miller,Government,IT
C02655,Sneha Kumar,Enterprise,Finance
C02656,Vikram Wilson,Government,IT
C02657,Karthik Sharma,Retail,Finance
C02658,Emily Thomas,Retail,Finance
C02659,Kavya Sharma,SMB,Healthcare
C02660,Noah Smith,Enterprise,Retail
C02661,Nisha Gupta,Government,Healthcare
C02662,Aisha Miller,Retail,Retail
C02663,Harish Anderson,Retail,IT
C02664,Divya Taylor,Enterprise,Healthcare
C02665,Aarav Iyer,Government,Healthcare
C02666,David Nair,Government,Retail
C02667,Sarah Verma,Retail,IT
C02668,Neha Joshi,Enterprise,Retail
C02669,John Joshi,Enterprise,IT
C02670,Divya Johnson,Retail,Healthcare
C02671,Noah Nair,Enterprise,IT
C02672,Aarav Sharma,Retail,IT
C02673,Rahul Reddy,SMB,Retail
C02674,David Verma,Enterprise,Healthcare
C02675,Vivaan Patel,Enterprise,IT
C02676,Noah Wilson,Retail,IT
C02677,Priya Anderson,Enterprise,Healthcare
C02678,Aisha Taylor,Enterprise,Healthcare
C02679,Nisha Brown,SMB,IT
C02680,Priya Johnson,Retail,Healthcare
C02681,Ananya Smith,SMB,IT
C02682,Meera Reddy,Enterprise,Finance
C02683,Neha Patel,Government,Finance
C02684,Michael Verma,Retail,Retail
C02685,Aisha Iyer,Government,IT
C02686,Daniel Taylor,SMB,Retail
C02687,David Williams,Retail,Retail
C02688,Aisha Smith,SMB,Retail
C02689,Emily Wilson,Government,Healthcare
C02690,Priya Kumar,Retail,Retail
C02691,Aditya Davis,SMB,Healthcare
C02692,Pooja Iyer,SMB,Finance
C02693,Olivia Patel,Enterprise,Finance
C02694,Ananya Wilson,Enterprise,Retail
C02695,Sophia Brown,SMB,Healthcare
C02696,John Patel,Government,Retail
C02697,Vivaan Gupta,Government,Finance
C02698,Aarav Johnson,Government,Finance
C02699,Pooja Singh,Retail,Retail
C02700,Rahul Nair,Retail,IT
C02701,Aditya Sharma,SMB,Retail
C02702,Liam Miller,SMB,Healthcare
C02703,Vivaan Joshi,Enterprise,Retail
C02704,Daniel Thomas,Retail,Healthcare
C02705,Divya Miller,Enterprise,Healthcare
C02706,Pooja Verma,Enterprise,IT
C02707,Priya Miller,Enterprise,Retail
C02708,Karthik Johnson,Retail,Healthcare
C02709,Aditya Brown,SMB,Finance
C02710,John Joshi,Government,IT
C02711,Priya Kumar,Retail,Finance
C02712,Emily Reddy,Enterprise,Healthcare
C02713,Ananya Taylor,Government,Finance
C02714,Sophia Nair,Government,Retail
C02715,Nisha Kumar,Government,Finance
C02716,Aarav Wilson,SMB,Retail
C02717,Nisha Verma,Government,IT
C02718,Michael Davis,Retail,Finance
C02719,Neha Verma,SMB,Healthcare
C02720,Sarah Davis,SMB,Retail
C02721,Noah Singh,Government,IT
C02722,Sneha Smith,Government,Finance
C02723,Aarav Joshi,Government,Retail
C02724,Aditya Williams,Retail,Finance
C02725,Nisha Davis,SMB,Retail
C02726,Arjun Johnson,SMB,Finance
C02727,Aarav Verma,SMB,IT
C02728,Olivia Gupta,Government,IT
C02729,Kavya Verma,Enterprise,Healthcare
C02730,Aisha Taylor,SMB,Healthcare
C02731,Kavya Brown,Government,Healthcare
C02732,Liam Williams,Retail,IT
C02733,Divya Joshi,Enterprise,IT
C02734,Aditya Nair,Enterprise,IT
C02735,Olivia Miller,Retail,Finance
C02736,Emily Davis,Government,Retail
C02737,Rohan Thomas,SMB,Healthcare
C02738,Ananya Nair,Enterprise,Finance
C02739,Sneha Davis,Government,IT
C02740,Aarav Singh,Retail,IT
C02741,Noah Davis,Retail,IT
C02742,Harish Williams,Retail,IT
C02743,Olivia Verma,SMB,IT
C02744,Emily Sharma,Enterprise,IT
C02745,Karthik Thomas,SMB,IT
C02746,Aisha Anderson,Retail,Retail
C02747,Ananya Wilson,SMB,IT
C02748,Emily Sharma,Retail,Retail
C02749,Aditya Anderson,Government,Healthcare
C02750,Noah Smith,SMB,Finance
C02751,Michael Thomas,Retail,Finance
C02752,Pooja Davis,Retail,IT
C02753,Emily Thomas,Retail,IT
C02754,Sarah Sharma,Government,Retail
C02755,Daniel Thomas,Retail,Finance
C02756,Aisha Wilson,Enterprise,Retail
C02757,Divya Taylor,Government,Finance
C02758,Sneha Smith,SMB,Healthcare
C02759,Ananya Wilson,Government,Retail
C02760,John Reddy,Retail,IT
C02761,Harish Johnson,Enterprise,Healthcare
C02762,Karthik Iyer,SMB,Healthcare
C02763,Meera Reddy,Enterprise,IT
C02764,Vikram Joshi,SMB,Finance
C02765,Sai Johnson,SMB,Retail
C02766,Divya Joshi,SMB,Finance
C02767,Harish Singh,Enterprise,Retail
C02768,Sarah Wilson,Government,IT
C02769,Divya Reddy,SMB,Finance
C02770,Vikram Kumar,Government,Healthcare
C02771,Meera Verma,Government,Finance
C02772,Meera Williams,Enterprise,IT
C02773,Liam Sharma,SMB,IT
C02774,Priya Sharma,Retail,Healthcare
C02775,Vikram Gupta,Enterprise,Finance
C02776,Aarav Iyer,SMB,Retail
C02777,Liam Williams,Government,Finance
C02778,Liam Iyer,Retail,Finance
C02779,Noah Davis,Government,Finance
C02780,Rohan Sharma,SMB,IT
C02781,Michael Brown,Government,IT
C02782,Sophia Kumar,SMB,IT
C02783,Sophia Miller,SMB,IT
C02784,Priya Johnson,SMB,IT
C02785,Michael Thomas,SMB,IT
C02786,John Joshi,Enterprise,IT
C02787,Sophia Smith,SMB,Finance
C02788,Emily Brown,SMB,Healthcare
C02789,Harish Taylor,Retail,IT
C02790,Olivia Anderson,Enterprise,Finance
C02791,Divya Joshi,Retail,IT
C02792,Michael Williams,SMB,Healthcare
C02793,Aisha Johnson,SMB,IT
C02794,Rahul Iyer,Enterprise,Retail
C02795,Sophia Smith,Retail,Healthcare
C02796,Sai Nair,SMB,Healthcare
C02797,Rohan Johnson,Government,Finance
C02798,Nisha Wilson,SMB,Finance
C02799,Sai Brown,Government,Finance
C02800,Aisha Taylor,Enterprise,IT
C02801,Emily Williams,Enterprise,Finance
C02802,Arjun Singh,Retail,Retail
C02803,Kavya Anderson,Government,Retail
C02804,Sai Brown,Retail,Retail
C02805,Neha Singh,Retail,Retail
C02806,Pooja Anderson,Government,Healthcare
C02807,John Sharma,Retail,Finance
C02808,Ananya Iyer,Government,IT
C02809,Nisha Anderson,SMB,IT
C02810,Pooja Anderson,SMB,Finance
C02811,Daniel Williams,SMB,IT
C02812,Noah Davis,Government,Finance
C02813,Aisha Joshi,Government,Retail
C02814,Daniel Thomas,Enterprise,Finance
C02815,Olivia Anderson,Retail,Healthcare
C02816,Ananya Johnson,Enterprise,Finance
C02817,Divya Singh,SMB,Healthcare
C02818,Olivia Singh,Retail,Healthcare
C02819,Divya Gupta,Government,IT
C02820,Olivia Johnson,Government,Finance
C02821,David Nair,SMB,IT
C02822,Meera Wilson,SMB,IT
C02823,Sophia Wilson,Government,Retail
C02824,Michael Wilson,SMB,Healthcare
C02825,Sarah Smith,Government,Retail
C02826,Harish Nair,Enterprise,Retail
C02827,Emily Joshi,Government,Retail
C02828,Priya Sharma,Government,IT
C02829,Sophia Davis,Government,IT
C02830,Kavya Gupta,Retail,Retail
C02831,Aarav Williams,SMB,Finance
C02832,Olivia Verma,SMB,IT
C02833,Rahul Kumar,Government,IT
C02834,Kavya Smith,Retail,Retail
C02835,Neha Sharma,Government,Retail
C02836,David Brown,SMB,Retail
C02837,Priya Reddy,Government,Retail
C02838,Liam Williams,Government,Finance
C02839,David Miller,SMB,Retail
C02840,Harish Sharma,Enterprise,Finance
C02841,John Patel,Retail,Finance
C02842,Olivia Miller,Enterprise,Finance
C02843,David Patel,SMB,IT
C02844,Liam Smith,SMB,IT
C02845,Priya Smith,Retail,IT
C02846,Divya Johnson,Retail,IT
C02847,Noah Smith,Enterprise,IT
C02848,Sai Reddy,Retail,Retail
C02849,Emily Taylor,Retail,IT
C02850,Rahul Taylor,Government,Healthcare
C02851,Karthik Williams,Retail,Retail
C02852,Aisha Patel,Retail,IT
C02853,Divya Williams,SMB,IT
C02854,Priya Nair,Enterprise,Healthcare
C02855,Meera Singh,Retail,IT
C02856,Sneha Davis,Retail,Retail
C02857,Olivia Nair,Enterprise,Retail
C02858,Sneha Davis,Government,IT
C02859,Arjun Johnson,Retail,Retail
C02860,Karthik Wilson,Government,Finance
C02861,Daniel Patel,Retail,Finance
C02862,Pooja Patel,Enterprise,IT
C02863,Aisha Brown,SMB,IT
C02864,Emily Iyer,Enterprise,Finance
C02865,Neha Anderson,Retail,Retail
C02866,Ananya Brown,SMB,Healthcare
C02867,Liam Gupta,Enterprise,IT
C02868,Meera Smith,SMB,Healthcare
C02869,Aarav Sharma,Government,Retail
C02870,Harish Johnson,Government,Retail
C02871,Priya Verma,Government,Retail
C02872,John Wilson,SMB,IT
C02873,Vivaan Williams,Government,Healthcare
C02874,John Singh,Government,Finance
C02875,Rohan Nair,Enterprise,Finance
C02876,Vivaan Davis,Retail,Retail
C02877,Divya Brown,SMB,IT
C02878,Karthik Joshi,Retail,IT
C02879,Daniel Davis,Enterprise,Healthcare
C02880,Rohan Joshi,Government,Retail
C02881,Aisha Nair,Government,Finance
C02882,Divya Singh,SMB,Healthcare
C02883,Sai Wilson,SMB,Healthcare
C02884,Sarah Nair,Government,Healthcare
C02885,Karthik Verma,Enterprise,Retail
C02886,Kavya Verma,SMB,Healthcare
C02887,John Davis,Government,Finance
C02888,Priya Verma,Government,Healthcare
C02889,Karthik Williams,Retail,Retail
C02890,Harish Taylor,SMB,IT
C02891,Aarav Joshi,Retail,Retail
C02892,Kavya Thomas,Enterprise,Finance
C02893,Pooja Nair,SMB,Retail
C02894,Nisha Brown,SMB,Healthcare
C02895,Rahul Thomas,Government,Healthcare
C02896,Kavya Verma,Enterprise,IT
C02897,Daniel Joshi,Enterprise,IT
C02898,Pooja Anderson,Government,IT
C02899,Vikram Anderson,Enterprise,IT
C02900,Aisha Williams,SMB,Healthcare
C02901,Nisha Singh,Retail,Finance
C02902,Rahul Nair,SMB,Finance
C02903,John Iyer,SMB,Healthcare
C02904,Arjun Nair,Enterprise,IT
C02905,Aditya Kumar,Enterprise,Healthcare
C02906,Aisha Gupta,SMB,IT
C02907,Ananya Kumar,SMB,Healthcare
C02908,Rohan Smith,Enterprise,Finance
C02909,Priya Singh,Government,IT
C02910,Sophia Williams,SMB,Healthcare
C02911,Karthik Thomas,Government,Healthcare
C02912,David Anderson,SMB,Retail
C02913,Aisha Davis,SMB,Retail
C02914,Liam Patel,Government,Retail
C02915,Neha Brown,SMB,IT
C02916,Vivaan Kumar,Retail,Retail
C02917,Nisha Nair,Enterprise,Retail
C02918,David Patel,SMB,Finance
C02919,Divya Williams,Retail,Healthcare
C02920,Aditya Patel,Retail,Finance
C02921,Ananya Brown,Retail,Healthcare
C02922,Pooja Brown,Enterprise,Retail
C02923,Sarah Kumar,Enterprise,IT
C02924,Neha Iyer,Enterprise,Healthcare
C02925,Divya Kumar,SMB,IT
C02926,Michael Johnson,SMB,IT
C02927,Arjun Sharma,Retail,IT
C02928,Sneha Kumar,Government,Retail
C02929,Liam Smith,Government,IT
C02930,Aarav Anderson,Retail,Retail
C02931,Aarav Thomas,SMB,Healthcare
C02932,Meera Joshi,SMB,Retail
C02933,Nisha Kumar,Enterprise,Finance
C02934,Aarav Iyer,Retail,Healthcare
C02935,John Patel,Enterprise,IT
C02936,Sneha Thomas,Enterprise,Healthcare
C02937,John Taylor,SMB,Healthcare
C02938,Rahul Sharma,SMB,IT
C02939,Harish Taylor,SMB,Healthcare
C02940,Michael Smith,SMB,Retail
C02941,Ananya Singh,Enterprise,IT
C02942,Karthik Gupta,SMB,Healthcare
C02943,Aditya Joshi,Retail,Healthcare
C02944,Aarav Anderson,Enterprise,IT
C02945,Nisha Johnson,Retail,Finance
C02946,David Verma,Enterprise,Retail
C02947,Rohan Kumar,Government,Retail
C02948,Kavya Singh,Government,IT
C02949,John Singh,Enterprise,Healthcare
C02950,Sarah Miller,Retail,Retail
C02951,Liam Thomas,Enterprise,Healthcare
C02952,Divya Brown,SMB,Healthcare
C02953,Neha Taylor,Enterprise,IT
C02954,Daniel Smith,Government,IT
C02955,Rohan Thomas,Enterprise,Healthcare
C02956,Michael Brown,SMB,IT
C02957,Divya Thomas,Enterprise,IT
C02958,Sneha Singh,SMB,IT
C02959,Sarah Brown,Government,Retail
C02960,Vikram Johnson,Government,Healthcare
C02961,Aarav Patel,Retail,Retail
C02962,Sai Verma,Enterprise,Healthcare
C02963,Rohan Taylor,SMB,IT
C02964,Emily Joshi,Retail,Finance
C02965,Sneha Johnson,Government,Finance
C02966,Sneha Gupta,Enterprise,Retail
C02967,John Johnson,Retail,Retail
C02968,Neha Reddy,Enterprise,Retail
C02969,Meera Wilson,Enterprise,Finance
C02970,Divya Singh,Retail,Healthcare
C02971,Ananya Anderson,Retail,Finance
C02972,Priya Kumar,Enterprise,Finance
C02973,Olivia Singh,Retail,Healthcare
C02974,John Thomas,Government,IT
C02975,Sneha Reddy,Retail,Healthcare
C02976,Liam Nair,Retail,Retail
C02977,Aisha Nair,Retail,IT
C02978,John Joshi,Enterprise,IT
C02979,Michael Sharma,Retail,Finance
C02980,Michael Brown,Enterprise,IT
C02981,Sai Wilson,SMB,Finance
C02982,Daniel Reddy,Government,Finance
C02983,Olivia Smith,Enterprise,Retail
C02984,Sarah Joshi,Government,Retail
C02985,Liam Gupta,SMB,IT
C02986,Harish Smith,Enterprise,Retail
C02987,Olivia Nair,Government,Finance
C02988,Sarah Kumar,Government,Retail
C02989,Sarah Smith,Government,Retail
C02990,Harish Gupta,Enterprise,Healthcare
C02991,Olivia Nair,Retail,Healthcare
C02992,Neha Reddy,SMB,IT
C02993,Vivaan Reddy,Retail,IT
C02994,Meera Kumar,Enterprise,Finance
C02995,Daniel Sharma,Enterprise,IT
C02996,John Johnson,SMB,IT
C02997,Rahul Kumar,Government,Finance
C02998,Meera Taylor,Enterprise,Healthcare
C02999,Neha Miller,Retail,IT
C03000,Rahul Williams,Enterprise,Retail
C03001,Ananya Brown,SMB,Finance
C03002,Aisha Williams,SMB,Finance
C03003,John Williams,Retail,IT
C03004,Rohan Gupta,Government,Healthcare
C03005,Aditya Davis,Retail,Healthcare
C03006,Kavya Thomas,Government,Healthcare
C03007,Sophia Gupta,SMB,IT
C03008,Olivia Gupta,SMB,Retail
C03009,Divya Joshi,Enterprise,IT
C03010,Meera Verma,Government,IT
C03011,Vikram Sharma,Retail,IT
C03012,David Patel,Government,IT
C03013,Meera Thomas,SMB,IT
C03014,Aarav Williams,SMB,Finance
C03015,Rahul Thomas,Retail,Finance
C03016,Sai Sharma,Enterprise,Retail
C03017,Harish Johnson,SMB,Healthcare
C03018,Sneha Joshi,SMB,Retail
C03019,Rohan Smith,Enterprise,Finance
C03020,Pooja Reddy,Government,IT
C03021,Priya Verma,Enterprise,Retail
C03022,Michael Johnson,Government,IT
C03023,Ananya Wilson,Retail,Retail
C03024,Liam Wilson,Government,Healthcare
C03025,Karthik Wilson,Enterprise,Healthcare
C03026,Sarah Johnson,Enterprise,Finance
C03027,Rahul Sharma,Government,IT
C03028,Noah Thomas,Government,Healthcare
C03029,Ananya Davis,SMB,Finance
C03030,Pooja Patel,Government,Finance
C03031,Priya Patel,Enterprise,Retail
C03032,Arjun Reddy,Retail,Healthcare
C03033,Aditya Smith,Enterprise,IT
C03034,Sophia Verma,SMB,Finance
C03035,Nisha Verma,Government,Retail
C03036,Aditya Patel,Retail,IT
C03037,Nisha Taylor,Enterprise,IT
C03038,Rahul Iyer,Retail,IT
C03039,Nisha Joshi,Government,Retail
C03040,Vivaan Patel,SMB,IT
C03041,Priya Singh,SMB,Healthcare
C03042,Vikram Verma,Retail,Finance
C03043,Nisha Thomas,Government,Retail
C03044,Sophia Williams,Retail,Retail
C03045,Michael Anderson,Enterprise,Retail
C03046,Rohan Brown,Government,Finance
C03047,Priya Kumar,SMB,Finance
C03048,Vivaan Davis,Enterprise,Retail
C03049,Pooja Nair,SMB,Finance
C03050,Sophia Anderson,Enterprise,IT
C03051,Aisha Sharma,SMB,Retail
C03052,Vikram Smith,Enterprise,Retail
C03053,Pooja Thomas,Government,Retail
C03054,Noah Joshi,Government,Healthcare
C03055,Sneha Taylor,SMB,Healthcare
C03056,Neha Thomas,Enterprise,Retail
C03057,Rohan Singh,Enterprise,Retail
C03058,Kavya Iyer,Retail,Finance
C03059,John Smith,SMB,Retail
C03060,Rahul Singh,SMB,IT
C03061,Rahul Verma,Government,Healthcare
C03062,Arjun Wilson,SMB,Finance
C03063,John Williams,Government,Healthcare
C03064,Liam Williams,Retail,Healthcare
C03065,Noah Williams,Enterprise,Healthcare
C03066,Olivia Davis,Enterprise,Healthcare
C03067,Michael Nair,Retail,Healthcare
C03068,Nisha Brown,Enterprise,Finance
C03069,Rohan Thomas,Retail,Finance
C03070,Harish Reddy,Enterprise,Healthcare
C03071,Nisha Thomas,Government,Healthcare
C03072,Nisha Nair,Enterprise,Healthcare
C03073,Kavya Davis,Retail,Finance
C03074,Vikram Johnson,Government,Healthcare
C03075,Sarah Iyer,Retail,Finance
C03076,Vivaan Miller,Retail,Retail
C03077,Karthik Johnson,Enterprise,IT
C03078,Arjun Thomas,Government,IT
C03079,Rahul Gupta,Enterprise,Retail
C03080,Sneha Smith,Government,Retail
C03081,Vikram Verma,Retail,Healthcare
C03082,Neha Patel,Retail,Retail
C03083,Vikram Williams,Retail,Finance
C03084,Olivia Anderson,Enterprise,IT
C03085,Kavya Verma,Government,Healthcare
C03086,Aditya Miller,Retail,Finance
C03087,Rohan Gupta,Retail,Finance
C03088,Arjun Gupta,Retail,Retail
C03089,Vikram Wilson,SMB,Finance
C03090,Sarah Brown,SMB,Healthcare
C03091,Olivia Patel,Government,IT
C03092,Emily Brown,Retail,Finance
C03093,David Sharma,SMB,Retail
C03094,Arjun Sharma,Enterprise,Finance
C03095,Aditya Gupta,Retail,Healthcare
C03096,Pooja Brown,Government,IT
C03097,Vivaan Smith,Government,IT
C03098,Meera Thomas,Retail,Healthcare
C03099,Emily Thomas,SMB,IT
C03100,Rahul Taylor,Retail,Healthcare
C03101,Rahul Brown,Enterprise,Healthcare
C03102,Kavya Miller,Enterprise,Finance
C03103,Noah Iyer,SMB,Retail
C03104,Pooja Johnson,Retail,IT
C03105,John Verma,Enterprise,Finance
C03106,Harish Gupta,Retail,Healthcare
C03107,Priya Sharma,Government,Finance
C03108,Harish Smith,Government,Healthcare
C03109,Divya Taylor,Government,Finance
C03110,Aarav Reddy,Retail,Finance
C03111,Sneha Nair,SMB,IT
C03112,Kavya Taylor,Enterprise,Healthcare
C03113,Vivaan Iyer,SMB,Finance
C03114,Meera Kumar,SMB,Retail
C03115,Priya Williams,Government,Retail
C03116,Sophia Iyer,Enterprise,Healthcare
C03117,Olivia Wilson,SMB,IT
C03118,Vivaan Patel,Retail,Finance
C03119,Arjun Iyer,SMB,Finance
C03120,Aarav Johnson,SMB,Healthcare
C03121,David Williams,SMB,Healthcare
C03122,Vikram Davis,Enterprise,Finance
C03123,Rohan Miller,SMB,IT
C03124,Sneha Sharma,Retail,Retail
C03125,Vikram Brown,SMB,Healthcare
C03126,Karthik Wilson,Government,Finance
C03127,Karthik Taylor,Enterprise,Healthcare
C03128,Meera Miller,Government,Finance
C03129,Liam Patel,Retail,IT
C03130,Aarav Brown,SMB,IT
C03131,Harish Johnson,Enterprise,Healthcare
C03132,Aarav Smith,Enterprise,Finance
C03133,Aditya Nair,Retail,IT
C03134,Aarav Taylor,Enterprise,IT
C03135,Neha Davis,Retail,Retail
C03136,David Gupta,Enterprise,Retail
C03137,Harish Singh,SMB,IT
C03138,Noah Patel,Government,Healthcare
C03139,Vikram Verma,Government,Healthcare
C03140,John Taylor,Retail,Healthcare
C03141,Nisha Wilson,Enterprise,IT
C03142,Aarav Singh,Enterprise,Healthcare
C03143,Harish Johnson,Enterprise,IT
C03144,Nisha Joshi,Government,IT
C03145,John Joshi,Retail,IT
C03146,David Johnson,SMB,Retail
C03147,Neha Patel,Enterprise,IT
C03148,Harish Kumar,Enterprise,Retail
C03149,Rohan Williams,SMB,IT
C03150,Noah Kumar,SMB,Finance
C03151,Rahul Sharma,Retail,IT
C03152,Sai Brown,Retail,Retail
C03153,Karthik Joshi,Enterprise,IT
C03154,Meera Nair,Enterprise,Finance
C03155,Rohan Sharma,Government,Finance
C03156,Karthik Anderson,Government,Finance
C03157,Sophia Davis,Enterprise,Finance
C03158,Divya Brown,Enterprise,Finance
C03159,David Miller,Enterprise,IT
C03160,Sai Brown,Enterprise,Retail
C03161,Noah Singh,Enterprise,Finance
C03162,Olivia Williams,Retail,Healthcare
C03163,Olivia Gupta,Government,IT
C03164,Aisha Anderson,Government,Healthcare
C03165,Vikram Brown,SMB,IT
C03166,Meera Verma,Enterprise,IT
C03167,John Joshi,Retail,Finance
C03168,Sarah Smith,SMB,IT
C03169,Daniel Wilson,Retail,Finance
C03170,Sneha Thomas,SMB,Retail
C03171,Sarah Iyer,Enterprise,Retail
C03172,Olivia Reddy,Retail,Healthcare
C03173,Nisha Smith,Enterprise,Retail
C03174,Aditya Anderson,Retail,Healthcare
C03175,Daniel Anderson,Enterprise,Finance
C03176,Emily Iyer,Government,Finance
C03177,Arjun Sharma,Retail,Healthcare
C03178,Meera Williams,Enterprise,Retail
C03179,Olivia Anderson,Government,Healthcare
C03180,Daniel Johnson,Enterprise,Finance
C03181,Harish Thomas,Government,IT
C03182,David Reddy,Retail,Healthcare
C03183,Priya Taylor,Government,Retail
C03184,John Wilson,SMB,Finance
C03185,Emily Sharma,Retail,Retail
C03186,Vivaan Patel,SMB,IT
C03187,Sarah Verma,Enterprise,IT
C03188,Arjun Reddy,Enterprise,Retail
C03189,Sneha Miller,Government,Finance
C03190,Kavya Wilson,SMB,Retail
C03191,Kavya Joshi,Government,Finance
C03192,Aisha Singh,Enterprise,Healthcare
C03193,Liam Joshi,SMB,Healthcare
C03194,Aarav Singh,SMB,Retail
C03195,Sai Taylor,Retail,Healthcare
C03196,Karthik Gupta,Government,Healthcare
C03197,Sai Iyer,Government,Retail
C03198,David Singh,SMB,Retail
C03199,Ananya Gupta,Enterprise,IT
C03200,Vivaan Patel,Retail,IT
C03201,Karthik Gupta,Retail,IT
C03202,Arjun Gupta,Enterprise,Retail
C03203,Vikram Thomas,Enterprise,IT
C03204,Arjun Gupta,Government,IT
C03205,Aditya Davis,Retail,Retail
C03206,Vikram Williams,SMB,IT
C03207,Sophia Nair,SMB,IT
C03208,Rohan Kumar,SMB,Finance
C03209,Sophia Nair,Enterprise,Retail
C03210,Meera Taylor,Government,Healthcare
C03211,Aisha Singh,Enterprise,Retail
C03212,Daniel Joshi,SMB,Retail
C03213,Aditya Reddy,Government,Retail
C03214,Rahul Singh,Retail,Healthcare
C03215,Vikram Johnson,Enterprise,IT
C03216,John Singh,Enterprise,Finance
C03217,Arjun Wilson,Government,IT
C03218,Meera Taylor,SMB,IT
C03219,Sarah Miller,Enterprise,Finance
C03220,Harish Anderson,Enterprise,Retail
C03221,Arjun Williams,Retail,Retail
C03222,Sneha Thomas,Enterprise,Finance
C03223,Arjun Anderson,Enterprise,IT
C03224,Liam Davis,SMB,Healthcare
C03225,John Nair,Retail,Finance
C03226,Michael Nair,SMB,Healthcare
C03227,Michael Nair,SMB,Healthcare
C03228,Arjun Davis,Government,Healthcare
C03229,Nisha Wilson,Government,Healthcare
C03230,Vikram Reddy,Enterprise,Healthcare
C03231,Karthik Iyer,Retail,Healthcare
C03232,Sai Wilson,Retail,IT
C03233,Harish Anderson,Enterprise,Healthcare
C03234,David Reddy,SMB,IT
C03235,Arjun Joshi,Enterprise,IT
C03236,Harish Smith,Retail,Retail
C03237,Arjun Thomas,Government,Healthcare
C03238,Liam Anderson,SMB,Finance
C03239,Ananya Miller,Retail,Retail
C03240,Rahul Singh,Retail,Retail
C03241,Aarav Anderson,Enterprise,Retail
C03242,Sophia Iyer,Retail,Finance
C03243,Sneha Brown,SMB,Retail
C03244,Nisha Iyer,Enterprise,Healthcare
C03245,Divya Gupta,SMB,Healthcare
C03246,Rahul Williams,SMB,IT
C03247,Sophia Anderson,Enterprise,IT
C03248,Michael Thomas,Enterprise,IT
C03249,Daniel Taylor,Retail,IT
C03250,Meera Anderson,Enterprise,Healthcare
C03251,John Anderson,Government,Finance
C03252,Ananya Johnson,Retail,Finance
C03253,Emily Davis,Enterprise,IT
C03254,Aarav Wilson,SMB,Retail
C03255,Arjun Williams,SMB,Retail
C03256,Rahul Smith,SMB,Finance
C03257,Emily Williams,Retail,Retail
C03258,Noah Reddy,Government,Healthcare
C03259,Daniel Smith,SMB,Healthcare
C03260,Karthik Thomas,Retail,Retail
C03261,Arjun Nair,Government,Finance
C03262,Priya Iyer,Retail,Retail
C03263,Sarah Kumar,Government,Healthcare
C03264,Sophia Iyer,Enterprise,Finance
C03265,John Wilson,Government,Finance
C03266,Rahul Singh,Enterprise,Healthcare
C03267,Daniel Smith,Government,Finance
C03268,Michael Gupta,Government,Retail
C03269,Rohan Johnson,Retail,Finance
C03270,Aisha Miller,SMB,Finance
C03271,Sophia Nair,Enterprise,Finance
C03272,Pooja Nair,Retail,IT
C03273,Rohan Johnson,SMB,Finance
C03274,Harish Davis,Government,IT
C03275,David Anderson,Retail,Finance
C03276,Sai Kumar,Enterprise,Healthcare
C03277,Aditya Verma,Government,Retail
C03278,Noah Davis,Enterprise,Finance
C03279,Aarav Williams,SMB,IT
C03280,Sarah Smith,Government,IT
C03281,Nisha Gupta,Enterprise,Healthcare
C03282,Emily Kumar,Government,Healthcare
C03283,Neha Patel,SMB,IT
C03284,Priya Kumar,Enterprise,Retail
C03285,Michael Wilson,SMB,Retail
C03286,Rahul Anderson,Enterprise,IT
C03287,Olivia Wilson,Retail,IT
C03288,Sophia Joshi,Government,Finance
C03289,Aisha Sharma,Retail,Retail
C03290,Michael Reddy,Government,Finance
C03291,Daniel Sharma,Retail,Retail
C03292,Liam Iyer,SMB,Healthcare
C03293,Ananya Nair,Government,IT
C03294,Arjun Thomas,Enterprise,Finance
C03295,Priya Smith,Enterprise,Retail
C03296,David Nair,Enterprise,IT
C03297,Vikram Verma,Retail,IT
C03298,Pooja Smith,Retail,Healthcare
C03299,Harish Reddy,Enterprise,Retail
C03300,Vivaan Sharma,Enterprise,IT
C03301,Divya Nair,Enterprise,Finance
C03302,Emily Taylor,SMB,Healthcare
C03303,Priya Kumar,Retail,IT
C03304,Arjun Iyer,SMB,Retail
C03305,Daniel Williams,Government,Finance
C03306,Daniel Taylor,Retail,IT
C03307,Sarah Johnson,Government,Retail
C03308,Noah Williams,Retail,Healthcare
C03309,Vikram Davis,Retail,Healthcare
C03310,Ananya Taylor,Retail,IT
C03311,Neha Anderson,SMB,Healthcare
C03312,Meera Verma,Retail,IT
C03313,Daniel Gupta,Retail,Finance
C03314,Pooja Patel,SMB,Healthcare
C03315,Aarav Anderson,Government,Finance
C03316,Ananya Nair,Retail,Retail
C03317,Sneha Williams,Government,Finance
C03318,Kavya Thomas,Retail,Healthcare
C03319,Rohan Verma,Enterprise,IT
C03320,Aisha Gupta,SMB,Retail
C03321,Liam Johnson,SMB,Finance
C03322,Daniel Reddy,Enterprise,Retail
C03323,Sarah Miller,Enterprise,Healthcare
C03324,Harish Joshi,SMB,IT
C03325,Michael Reddy,SMB,Finance
C03326,Pooja Miller,SMB,Retail
C03327,Ananya Sharma,SMB,Healthcare
C03328,Kavya Singh,Government,Finance
C03329,Sneha Smith,Government,Finance
C03330,Aarav Verma,SMB,Retail
C03331,Olivia Davis,Government,Healthcare
C03332,Karthik Smith,Enterprise,Healthcare
C03333,Karthik Patel,Retail,IT
C03334,Karthik Iyer,SMB,Healthcare
C03335,Kavya Joshi,Retail,Healthcare
C03336,Michael Gupta,Retail,Healthcare
C03337,Noah Davis,SMB,IT
C03338,John Iyer,Enterprise,Retail
C03339,Liam Brown,Retail,Finance
C03340,Sai Davis,SMB,Retail
C03341,Ananya Kumar,Enterprise,IT
C03342,Sophia Sharma,Retail,Retail
C03343,Harish Taylor,Retail,IT
C03344,Emily Miller,Government,Retail
C03345,Pooja Thomas,Enterprise,Finance
C03346,Michael Kumar,SMB,Retail
C03347,Divya Miller,Government,Retail
C03348,Aarav Singh,SMB,Finance
C03349,Aisha Reddy,Retail,Retail
C03350,Sarah Wilson,Enterprise,IT
C03351,Pooja Thomas,Enterprise,Finance
C03352,Vivaan Brown,Government,Healthcare
C03353,Sarah Verma,Retail,IT
C03354,John Kumar,SMB,Finance
C03355,Vivaan Nair,Government,IT
C03356,Sneha Joshi,Enterprise,IT
C03357,Vikram Thomas,Retail,Retail
C03358,Kavya Kumar,SMB,IT
C03359,Liam Iyer,Government,IT
C03360,Liam Nair,Enterprise,Finance
C03361,Vikram Davis,Government,Healthcare
C03362,Meera Smith,Enterprise,Retail
C03363,Divya Williams,Retail,Healthcare
C03364,David Brown,Retail,IT
C03365,Ananya Brown,Government,Healthcare
C03366,Vivaan Reddy,Enterprise,IT
C03367,Michael Johnson,SMB,IT
C03368,Vivaan Singh,Government,Healthcare
C03369,Nisha Kumar,Enterprise,IT
C03370,Divya Nair,Government,Healthcare
C03371,Sneha Taylor,Retail,Retail
C03372,Meera Iyer,SMB,Retail
C03373,Aarav Smith,Government,IT
C03374,Kavya Joshi,Government,Healthcare
C03375,Vivaan Miller,Enterprise,Healthcare
C03376,Sophia Anderson,Retail,Healthcare
C03377,Rahul Verma,Retail,Finance
C03378,Sneha Patel,SMB,IT
C03379,Michael Taylor,Government,Finance
C03380,Pooja Johnson,SMB,Finance
C03381,Meera Brown,Retail,IT
C03382,Harish Joshi,Retail,Retail
C03383,Sarah Nair,Retail,Retail
C03384,Rahul Williams,SMB,Finance
C03385,Liam Johnson,Government,Retail
C03386,David Taylor,Government,Healthcare
C03387,Ananya Anderson,Government,Healthcare
C03388,Aisha Miller,Retail,Healthcare
C03389,Sophia Joshi,Government,Finance
C03390,Harish Taylor,SMB,Retail
C03391,Aditya Miller,Government,IT
C03392,Daniel Williams,Enterprise,IT
C03393,Olivia Williams,Government,Finance
C03394,Aarav Miller,Retail,Healthcare
C03395,Rohan Gupta,Government,Healthcare
C03396,Olivia Sharma,Enterprise,Finance
C03397,Sneha Singh,Government,Finance
C03398,Meera Thomas,Government,IT
C03399,Vivaan Thomas,Retail,IT
C03400,Aditya Williams,Enterprise,Healthcare
C03401,Emily Miller,Retail,IT
C03402,Rahul Patel,Enterprise,IT
C03403,Sai Reddy,Government,IT
C03404,Sneha Anderson,SMB,IT
C03405,Sai Miller,Government,Healthcare
C03406,Liam Davis,Government,Finance
C03407,Kavya Patel,Enterprise,Healthcare
C03408,Olivia Singh,Government,Retail
C03409,Aarav Thomas,Retail,Healthcare
C03410,Pooja Thomas,Retail,IT
C03411,Rohan Singh,Enterprise,Healthcare
C03412,Liam Sharma,SMB,IT
C03413,Divya Nair,SMB,Retail
C03414,Noah Verma,Retail,IT
C03415,Rahul Singh,SMB,Healthcare
C03416,Kavya Taylor,Enterprise,Retail
C03417,Sophia Davis,Retail,Retail
C03418,Sophia Thomas,Retail,Retail
C03419,Aisha Joshi,Government,IT
C03420,Liam Miller,Enterprise,Retail
C03421,David Reddy,Enterprise,Retail
C03422,Aditya Taylor,Retail,IT
C03423,Emily Wilson,Retail,Retail
C03424,Rohan Gupta,Government,Finance
C03425,Harish Singh,SMB,Finance
C03426,Daniel Davis,Government,Retail
C03427,Aarav Wilson,Government,Retail
C03428,Daniel Patel,SMB,Healthcare
C03429,Vivaan Reddy,Enterprise,IT
C03430,Vivaan Patel,Government,Finance
C03431,Arjun Reddy,SMB,Finance
C03432,Aditya Wilson,Enterprise,Healthcare
C03433,Rahul Verma,Government,Finance
C03434,Olivia Williams,Enterprise,Retail
C03435,Karthik Wilson,Enterprise,Finance
C03436,Vikram Brown,Enterprise,IT
C03437,Vikram Smith,Retail,IT
C03438,Liam Singh,SMB,IT
C03439,Aditya Miller,Retail,Healthcare
C03440,Harish Wilson,Retail,Retail
C03441,Vikram Taylor,Government,Retail
C03442,Aarav Kumar,Enterprise,IT
C03443,Emily Wilson,Government,Healthcare
C03444,Liam Verma,Enterprise,Retail
C03445,Olivia Joshi,Enterprise,Finance
C03446,Rahul Nair,Retail,Retail
C03447,Ananya Joshi,SMB,Retail
C03448,Kavya Verma,Enterprise,Healthcare
C03449,Aditya Singh,SMB,IT
C03450,Olivia Williams,Enterprise,Healthcare
C03451,David Davis,Government,IT
C03452,Nisha Wilson,Retail,Healthcare
C03453,Neha Verma,SMB,Retail
C03454,Neha Patel,SMB,Retail
C03455,Priya Taylor,Enterprise,Retail
C03456,Pooja Kumar,SMB,Finance
C03457,Harish Taylor,Government,IT
C03458,Olivia Iyer,SMB,Retail
C03459,John Reddy,SMB,IT
C03460,Michael Johnson,SMB,IT
C03461,Olivia Verma,SMB,Healthcare
C03462,Meera Thomas,Retail,Finance
C03463,Neha Miller,SMB,Finance
C03464,Rahul Thomas,Government,IT
C03465,Neha Singh,Enterprise,Healthcare
C03466,Ananya Anderson,Enterprise,IT
C03467,Rohan Miller,Government,Retail
C03468,Pooja Iyer,Retail,Retail
C03469,Sophia Wilson,Enterprise,Finance
C03470,John Iyer,Enterprise,Healthcare
C03471,Sai Miller,Retail,IT
C03472,Karthik Iyer,Retail,Retail
C03473,Aisha Wilson,Government,Finance
C03474,Rahul Iyer,Retail,IT
C03475,Ananya Thomas,SMB,Retail
C03476,Sophia Iyer,Retail,Healthcare
C03477,Rohan Taylor,SMB,Healthcare
C03478,Pooja Joshi,Retail,Healthcare
C03479,Rahul Davis,Retail,IT
C03480,Sophia Thomas,Retail,Healthcare
C03481,Sarah Patel,Government,Healthcare
C03482,Priya Brown,Enterprise,Healthcare
C03483,Emily Anderson,Retail,IT
C03484,Rahul Davis,SMB,Healthcare
C03485,Emily Patel,Enterprise,Healthcare
C03486,Rahul Singh,SMB,IT
C03487,Meera Kumar,Enterprise,IT
C03488,Daniel Sharma,Enterprise,IT
C03489,Arjun Iyer,Enterprise,Retail
C03490,John Taylor,Government,Healthcare
C03491,Noah Johnson,Government,Finance
C03492,Meera Taylor,Government,Retail
C03493,Kavya Davis,Enterprise,Retail
C03494,Arjun Brown,Government,Finance
C03495,Rohan Wilson,SMB,Finance
C03496,Pooja Singh,Retail,Healthcare
C03497,Sarah Gupta,Retail,Healthcare
C03498,Nisha Wilson,Retail,Finance
C03499,Rohan Kumar,Government,IT
C03500,Pooja Joshi,SMB,Retail
C03501,Sophia Thomas,Government,Finance
C03502,Daniel Nair,Enterprise,Retail
C03503,Sai Brown,Retail,IT
C03504,Sneha Patel,Retail,Healthcare
C03505,Neha Verma,Enterprise,Healthcare
C03506,Sophia Iyer,Retail,Healthcare
C03507,Emily Singh,Government,IT
C03508,Olivia Williams,Retail,Retail
C03509,Olivia Johnson,SMB,IT
C03510,Ananya Sharma,Enterprise,Healthcare
C03511,Nisha Smith,Retail,Retail
C03512,Michael Johnson,SMB,Healthcare
C03513,Pooja Davis,Retail,Healthcare
C03514,Meera Davis,Retail,IT
C03515,Nisha Iyer,SMB,Retail
C03516,Michael Brown,Enterprise,Finance
C03517,Aisha Joshi,Government,Healthcare
C03518,Pooja Kumar,Government,Retail
C03519,Nisha Sharma,Retail,IT
C03520,David Patel,Enterprise,Healthcare
C03521,Vivaan Wilson,Retail,Finance
C03522,Nisha Patel,Government,Retail
C03523,Liam Verma,Enterprise,Finance
C03524,Divya Anderson,Retail,Retail
C03525,Michael Reddy,Government,IT
C03526,Divya Taylor,Government,Finance
C03527,Sarah Taylor,SMB,IT
C03528,Karthik Verma,Retail,Finance
C03529,Ananya Williams,SMB,Healthcare
C03530,Aisha Davis,Retail,Finance
C03531,Noah Taylor,Enterprise,Healthcare
C03532,Neha Gupta,Enterprise,Healthcare
C03533,Sarah Iyer,Enterprise,Retail
C03534,Michael Reddy,Government,Finance
C03535,Divya Thomas,Enterprise,Retail
C03536,Harish Davis,SMB,Finance
C03537,Rohan Smith,Government,Finance
C03538,Meera Davis,Retail,Healthcare
C03539,Michael Sharma,Government,Finance
C03540,John Davis,Retail,Retail
C03541,Michael Nair,Government,Retail
C03542,Noah Gupta,Enterprise,IT
C03543,Aisha Smith,Retail,IT
C03544,Sarah Wilson,Retail,Healthcare
C03545,Vikram Thomas,SMB,Finance
C03546,Aarav Gupta,Government,IT
C03547,Olivia Wilson,Government,Finance
C03548,Sai Smith,Retail,Finance
C03549,Sneha Singh,Retail,IT
C03550,John Brown,Retail,Finance
C03551,Harish Kumar,SMB,Retail
C03552,John Sharma,Retail,Finance
C03553,Priya Nair,Government,Retail
C03554,Rohan Iyer,Retail,Retail
C03555,Michael Wilson,Government,Healthcare
C03556,Ananya Thomas,SMB,Finance
C03557,Olivia Davis,Enterprise,Healthcare
C03558,Sophia Gupta,Enterprise,Retail
C03559,Neha Brown,SMB,IT
C03560,Vikram Thomas,Enterprise,Healthcare
C03561,Ananya Brown,Government,Healthcare
C03562,Pooja Sharma,Retail,IT
C03563,Aarav Anderson,SMB,Finance
C03564,Rahul Williams,Government,Healthcare
C03565,Pooja Smith,Enterprise,IT
C03566,Aisha Iyer,Government,Healthcare
C03567,Priya Nair,Retail,Healthcare
C03568,Vikram Verma,Retail,Healthcare
C03569,Rahul Singh,Retail,Retail
C03570,John Smith,SMB,Retail
C03571,Olivia Taylor,Retail,Retail
C03572,Aarav Gupta,Enterprise,Retail
C03573,Kavya Johnson,Enterprise,Finance
C03574,Liam Smith,Government,Retail
C03575,Priya Smith,Government,Retail
C03576,Sophia Patel,SMB,Finance
C03577,Olivia Kumar,Enterprise,Retail
C03578,Aarav Reddy,Enterprise,IT
C03579,Vivaan Kumar,Enterprise,Finance
C03580,Nisha Johnson,Enterprise,Finance
C03581,Vivaan Nair,Government,Finance
C03582,Liam Verma,SMB,IT
C03583,Daniel Johnson,Retail,Finance
C03584,Kavya Williams,SMB,Finance
C03585,Vivaan Sharma,Retail,Healthcare
C03586,Vikram Brown,Enterprise,Healthcare
C03587,Karthik Singh,Government,Retail
C03588,Harish Gupta,Government,IT
C03589,Karthik Joshi,Enterprise,Healthcare
C03590,Sneha Singh,Enterprise,Healthcare
C03591,Sarah Sharma,Retail,IT
C03592,Priya Iyer,SMB,IT
C03593,John Patel,Retail,Healthcare
C03594,Rahul Smith,SMB,Retail
C03595,Sarah Thomas,Enterprise,Healthcare
C03596,Noah Verma,SMB,Healthcare
C03597,Harish Reddy,Government,Retail
C03598,Aarav Taylor,Government,Finance
C03599,Aarav Johnson,Government,Healthcare
C03600,Vikram Johnson,Retail,IT
C03601,Pooja Verma,Retail,Healthcare
C03602,Priya Miller,Retail,Healthcare
C03603,Noah Kumar,Enterprise,Finance
C03604,Meera Thomas,Government,Healthcare
C03605,Nisha Sharma,Enterprise,Finance
C03606,John Verma,Retail,Retail
C03607,Sai Singh,Government,IT
C03608,Sarah Nair,SMB,Healthcare
C03609,David Brown,Retail,Finance
C03610,Arjun Patel,Retail,Retail
C03611,Michael Brown,SMB,Healthcare
C03612,Noah Williams,Enterprise,Finance
C03613,Vikram Joshi,Enterprise,IT
C03614,Ananya Kumar,Government,Healthcare
C03615,Aarav Taylor,Retail,IT
C03616,Liam Miller,SMB,Healthcare
C03617,Sarah Davis,SMB,IT
C03618,Sai Taylor,SMB,Retail
C03619,John Brown,Government,Retail
C03620,Neha Gupta,Retail,Healthcare
C03621,Aisha Kumar,SMB,IT
C03622,Harish Reddy,Government,Retail
C03623,Pooja Johnson,SMB,Finance
C03624,Aisha Joshi,SMB,Retail
C03625,Nisha Reddy,Enterprise,IT
C03626,Sophia Thomas,Enterprise,Healthcare
C03627,Noah Gupta,Government,Finance
C03628,Emily Kumar,Government,Healthcare
C03629,Aarav Anderson,SMB,Finance
C03630,Nisha Kumar,SMB,IT
C03631,Vivaan Iyer,Retail,Retail
C03632,Sarah Kumar,SMB,Finance
C03633,Ananya Verma,Enterprise,Retail
C03634,Daniel Johnson,Retail,IT
C03635,Rahul Thomas,SMB,IT
C03636,Rohan Miller,Government,IT
C03637,Liam Miller,SMB,IT
C03638,David Smith,SMB,Finance
C03639,Rohan Brown,Enterprise,Healthcare
C03640,Harish Singh,Retail,Retail
C03641,Sai Williams,Enterprise,IT
C03642,Meera Gupta,Enterprise,Retail
C03643,Michael Anderson,Enterprise,Finance
C03644,Sarah Patel,Government,Finance
C03645,Noah Patel,Enterprise,Finance
C03646,Meera Johnson,Retail,IT
C03647,Sarah Nair,Enterprise,Healthcare
C03648,Aisha Sharma,Enterprise,Retail
C03649,David Singh,Retail,Finance
C03650,Rahul Williams,Retail,Finance
C03651,Harish Davis,Retail,Finance
C03652,Sarah Joshi,Government,Finance
C03653,Sneha Davis,SMB,Healthcare
C03654,Meera Johnson,Enterprise,IT
C03655,Meera Verma,Government,Healthcare
C03656,Vivaan Reddy,Retail,Healthcare
C03657,Arjun Johnson,Enterprise,Finance
C03658,Harish Joshi,Government,IT
C03659,Michael Reddy,Enterprise,Retail
C03660,David Singh,Government,IT
C03661,Rahul Joshi,Retail,Healthcare
C03662,Rohan Davis,Retail,Healthcare
C03663,Aarav Brown,Retail,Retail
C03664,Pooja Nair,Retail,Finance
C03665,Priya Johnson,Enterprise,Healthcare
C03666,Michael Johnson,Enterprise,Finance
C03667,Aditya Kumar,Government,Healthcare
C03668,Priya Davis,SMB,Retail
C03669,Meera Nair,SMB,Retail
C03670,Olivia Davis,Enterprise,Retail
C03671,David Singh,Enterprise,IT
C03672,Neha Williams,Enterprise,Finance
C03673,Neha Johnson,Government,Retail
C03674,Sneha Patel,Enterprise,Retail
C03675,Liam Anderson,Enterprise,IT
C03676,Sarah Anderson,Retail,Retail
C03677,Priya Williams,Government,Retail
C03678,Ananya Smith,Retail,Retail
C03679,Rahul Iyer,SMB,Healthcare
C03680,Vivaan Smith,Enterprise,Healthcare
C03681,Sai Joshi,Retail,Retail
C03682,Emily Thomas,Enterprise,Retail
C03683,Sophia Miller,Enterprise,IT
C03684,Liam Taylor,SMB,Retail
C03685,Sophia Brown,Enterprise,IT
C03686,Kavya Wilson,Retail,Retail
C03687,Olivia Davis,Enterprise,Retail
C03688,Sai Joshi,Enterprise,IT
C03689,Liam Brown,SMB,Finance
C03690,Harish Miller,SMB,Finance
C03691,Michael Taylor,Retail,Finance
C03692,Aisha Brown,Government,IT
C03693,Karthik Johnson,Retail,IT
C03694,Aarav Wilson,Government,IT
C03695,Sneha Kumar,Enterprise,IT
C03696,Divya Taylor,Retail,Finance
C03697,Sneha Sharma,Retail,Finance
C03698,Liam Johnson,Government,Finance
C03699,Priya Iyer,Enterprise,Healthcare
C03700,Daniel Wilson,Retail,Finance
C03701,Vivaan Thomas,Enterprise,Healthcare
C03702,Emily Verma,Retail,IT
C03703,Noah Verma,SMB,Healthcare
C03704,Priya Miller,Retail,Finance
C03705,Vikram Thomas,Government,Healthcare
C03706,Rahul Smith,SMB,Retail
C03707,Sai Taylor,Retail,Retail
C03708,Karthik Johnson,Enterprise,Finance
C03709,David Joshi,SMB,Retail
C03710,Michael Reddy,Government,Healthcare
C03711,Liam Davis,Enterprise,Finance
C03712,Vikram Thomas,Government,Finance
C03713,Pooja Verma,SMB,Healthcare
C03714,Karthik Davis,SMB,Finance
C03715,Sarah Patel,Government,Retail
C03716,Pooja Taylor,Enterprise,IT
C03717,Michael Johnson,Enterprise,Finance
C03718,Rohan Brown,SMB,Retail
C03719,Aditya Reddy,Government,IT
C03720,Rohan Wilson,Government,IT
C03721,Harish Singh,Enterprise,Healthcare
C03722,Arjun Iyer,Retail,Finance
C03723,Sai Kumar,Government,Retail
C03724,Meera Thomas,Enterprise,Retail
C03725,Aditya Smith,Enterprise,Finance
C03726,Vikram Taylor,Government,Finance
C03727,Aditya Verma,Retail,Finance
C03728,Rahul Thomas,SMB,Healthcare
C03729,Priya Brown,Government,Healthcare
C03730,Liam Taylor,Enterprise,Healthcare
C03731,Daniel Nair,SMB,Retail
C03732,Olivia Anderson,Government,Finance
C03733,John Smith,SMB,IT
C03734,Pooja Miller,Retail,Finance
C03735,Sophia Kumar,SMB,Finance
C03736,Arjun Taylor,Enterprise,IT
C03737,Nisha Joshi,Retail,Retail
C03738,Rohan Singh,SMB,Healthcare
C03739,Sophia Williams,Retail,Healthcare
C03740,Neha Williams,SMB,Finance
C03741,Vivaan Taylor,SMB,Finance
C03742,Harish Sharma,SMB,IT
C03743,Sarah Nair,SMB,IT
C03744,Emily Taylor,SMB,IT
C03745,Sai Joshi,Enterprise,Retail
C03746,Priya Verma,Enterprise,IT
C03747,Divya Johnson,Enterprise,Retail
C03748,Emily Nair,Enterprise,Healthcare
C03749,David Gupta,Enterprise,Finance
C03750,Kavya Reddy,SMB,Retail
C03751,Priya Brown,Enterprise,Finance
C03752,Aisha Smith,Retail,Finance
C03753,Harish Gupta,Retail,Retail
C03754,Daniel Thomas,SMB,Finance
C03755,Meera Thomas,Enterprise,Finance
C03756,Ananya Singh,Retail,Retail
C03757,Arjun Joshi,SMB,IT
C03758,Liam Verma,SMB,Retail
C03759,Sophia Reddy,Government,Retail
C03760,Kavya Nair,Retail,Healthcare
C03761,Ananya Reddy,Retail,Healthcare
C03762,Daniel Verma,SMB,IT
C03763,John Williams,Government,IT
C03764,Rohan Wilson,Government,IT
C03765,Rahul Anderson,SMB,Finance
C03766,Karthik Wilson,Enterprise,Finance
C03767,David Joshi,Enterprise,Retail
C03768,Pooja Iyer,Retail,IT
C03769,Aditya Thomas,Enterprise,Finance
C03770,Rohan Johnson,Government,IT
C03771,Divya Joshi,Government,Finance
C03772,Kavya Wilson,Enterprise,Finance
C03773,Olivia Iyer,Retail,Retail
C03774,Divya Joshi,Retail,Healthcare
C03775,Kavya Taylor,Retail,Healthcare
C03776,Kavya Patel,Retail,Healthcare
C03777,Olivia Thomas,Enterprise,Finance
C03778,Karthik Taylor,Retail,Retail
C03779,Meera Reddy,Government,Retail
C03780,Vivaan Anderson,SMB,IT
C03781,Daniel Smith,Government,Finance
C03782,Rohan Joshi,Enterprise,IT
C03783,Pooja Williams,Retail,Healthcare
C03784,Michael Wilson,Government,Healthcare
C03785,Sophia Thomas,Government,Healthcare
C03786,Priya Smith,Government,Retail
C03787,Sophia Brown,Government,Finance
C03788,Neha Anderson,SMB,Retail
C03789,Kavya Taylor,Retail,Retail
C03790,Liam Patel,SMB,IT
C03791,Liam Joshi,Retail,Healthcare
C03792,Aarav Davis,Enterprise,Retail
C03793,Priya Joshi,SMB,Healthcare
C03794,David Gupta,Enterprise,Retail
C03795,Olivia Singh,SMB,IT
C03796,Sai Patel,Government,IT
C03797,Aisha Gupta,Retail,Finance
C03798,Priya Anderson,SMB,Retail
C03799,Aarav Verma,Government,IT
C03800,Karthik Johnson,Enterprise,Retail
C03801,Priya Kumar,Retail,Retail
C03802,Rohan Wilson,SMB,Retail
C03803,Karthik Davis,Enterprise,Finance
C03804,David Davis,Enterprise,IT
C03805,Vivaan Nair,Government,Retail
C03806,Arjun Wilson,SMB,Retail
C03807,Harish Johnson,Enterprise,Healthcare
C03808,Vikram Miller,Retail,IT
C03809,Aditya Taylor,Government,Healthcare
C03810,Nisha Patel,Government,Finance
C03811,Vivaan Iyer,Enterprise,IT
C03812,Aditya Brown,Retail,IT
C03813,Emily Miller,Retail,IT
C03814,Michael Reddy,Government,IT
C03815,Vikram Smith,Government,Retail
C03816,Daniel Wilson,SMB,Retail
C03817,Olivia Gupta,Retail,Healthcare
C03818,Pooja Brown,SMB,Healthcare
C03819,Ananya Patel,SMB,IT
C03820,Karthik Brown,Government,IT
C03821,Divya Joshi,Government,Finance
C03822,Aditya Kumar,Enterprise,Healthcare
C03823,Harish Williams,Enterprise,IT
C03824,Liam Reddy,Enterprise,Retail
C03825,Sarah Reddy,SMB,Finance
C03826,Ananya Singh,SMB,Healthcare
C03827,Rahul Smith,Government,Healthcare
C03828,Sai Anderson,SMB,IT
C03829,Arjun Reddy,Government,Finance
C03830,Vikram Kumar,SMB,Healthcare
C03831,Sneha Thomas,Enterprise,Healthcare
C03832,Aisha Patel,Enterprise,IT
C03833,David Kumar,Government,Finance
C03834,Pooja Reddy,SMB,IT
C03835,Pooja Anderson,Government,Finance
C03836,Sarah Taylor,Retail,Healthcare
C03837,David Brown,SMB,Finance
C03838,Vivaan Smith,Government,Healthcare
C03839,Vikram Gupta,Government,Retail
C03840,Sai Thomas,Enterprise,IT
C03841,Divya Taylor,Government,Retail
C03842,Noah Joshi,Retail,Finance
C03843,Meera Iyer,Enterprise,IT
C03844,Divya Davis,SMB,Finance
C03845,Meera Anderson,Enterprise,Finance
C03846,Michael Miller,Retail,Retail
C03847,Vivaan Reddy,SMB,IT
C03848,Vivaan Joshi,Government,IT
C03849,Sneha Nair,Enterprise,Finance
C03850,Noah Sharma,Government,Healthcare
C03851,Pooja Davis,Retail,Finance
C03852,Liam Anderson,SMB,Finance
C03853,Divya Reddy,Enterprise,Retail
C03854,John Taylor,SMB,Retail
C03855,Priya Singh,Retail,Healthcare
C03856,Sarah Kumar,Retail,Retail
C03857,Aisha Wilson,Government,Retail
C03858,Aditya Smith,Government,IT
C03859,Vivaan Sharma,Enterprise,Healthcare
C03860,John Kumar,Government,IT
C03861,Ananya Iyer,SMB,Healthcare
C03862,Meera Johnson,Government,IT
C03863,Kavya Thomas,Retail,Finance
C03864,David Reddy,SMB,Healthcare
C03865,Daniel Thomas,Enterprise,IT
C03866,Noah Nair,Government,Finance
C03867,Meera Anderson,SMB,Retail
C03868,Aditya Davis,SMB,IT
C03869,Ananya Davis,Retail,Healthcare
C03870,Arjun Taylor,Government,Healthcare
C03871,Karthik Williams,SMB,IT
C03872,Vivaan Nair,SMB,Healthcare
C03873,Arjun Kumar,Retail,Finance
C03874,Liam Taylor,SMB,IT
C03875,Rahul Smith,SMB,Retail
C03876,Aditya Iyer,SMB,Healthcare
C03877,Aditya Brown,SMB,Retail
C03878,Priya Smith,Retail,IT
C03879,Sarah Anderson,Retail,Retail
C03880,Daniel Smith,SMB,IT
C03881,Michael Singh,Enterprise,IT
C03882,Aisha Davis,SMB,Healthcare
C03883,Neha Joshi,Retail,IT
C03884,Vikram Smith,Retail,Finance
C03885,Nisha Williams,Retail,Retail
C03886,Rohan Williams,Retail,Retail
C03887,Priya Patel,Government,IT
C03888,Noah Verma,SMB,IT
C03889,Kavya Thomas,Enterprise,Retail
C03890,Sneha Johnson,Retail,Retail
C03891,Emily Reddy,Enterprise,Finance
C03892,Nisha Kumar,Retail,Healthcare
C03893,Divya Smith,Enterprise,Retail
C03894,Vivaan Taylor,Government,Healthcare
C03895,Sneha Patel,Retail,IT
C03896,Harish Nair,Government,Healthcare
C03897,John Williams,SMB,IT
C03898,Karthik Davis,Government,IT
C03899,Noah Williams,Retail,Finance
C03900,Neha Miller,Retail,Finance
C03901,Divya Brown,SMB,Healthcare
C03902,Neha Verma,Enterprise,Retail
C03903,Divya Sharma,Government,Finance
C03904,Sophia Smith,SMB,IT
C03905,Liam Gupta,Enterprise,IT
C03906,Nisha Nair,SMB,IT
C03907,Nisha Miller,Enterprise,Healthcare
C03908,Harish Singh,Retail,Retail
C03909,Aarav Patel,Government,Finance
C03910,Vivaan Joshi,Enterprise,Retail
C03911,Priya Kumar,SMB,Retail
C03912,Sarah Wilson,SMB,IT
C03913,Sarah Joshi,SMB,Finance
C03914,Michael Wilson,SMB,Healthcare
C03915,Divya Patel,Government,Retail
C03916,Sai Iyer,Enterprise,Retail
C03917,Aarav Wilson,Government,Healthcare
C03918,Rohan Johnson,Enterprise,IT
C03919,Sai Iyer,Enterprise,Retail
C03920,Daniel Kumar,Enterprise,Finance
C03921,Sai Nair,Retail,Retail
C03922,Neha Sharma,Enterprise,IT
C03923,Sophia Nair,Enterprise,Finance
C03924,Priya Joshi,Government,Retail
C03925,Ananya Reddy,SMB,Healthcare
C03926,John Anderson,Enterprise,Healthcare
C03927,Vivaan Verma,Retail,Retail
C03928,Michael Joshi,Government,Finance
C03929,Olivia Patel,Enterprise,Finance
C03930,Harish Smith,Government,IT
C03931,Harish Patel,Government,Retail
C03932,Vikram Nair,Retail,Finance
C03933,Priya Patel,SMB,IT
C03934,Sophia Johnson,Government,Retail
C03935,Aisha Joshi,Retail,IT
C03936,Meera Reddy,Retail,Finance
C03937,Noah Wilson,Government,Healthcare
C03938,Harish Anderson,Government,Healthcare
C03939,Neha Nair,SMB,Healthcare
C03940,Pooja Singh,Government,Retail
C03941,Vivaan Brown,Retail,Retail
C03942,Michael Singh,Government,IT
C03943,John Thomas,Enterprise,Healthcare
C03944,Nisha Davis,Government,Healthcare
C03945,Ananya Joshi,Retail,Finance
C03946,David Davis,Enterprise,IT
C03947,Sophia Davis,Government,Healthcare
C03948,Harish Patel,Government,IT
C03949,David Davis,Government,Retail
C03950,Divya Verma,Government,Retail
C03951,Nisha Singh,Government,Retail
C03952,Meera Nair,SMB,Healthcare
C03953,Sophia Davis,Enterprise,IT
C03954,Emily Davis,SMB,Retail
C03955,Sai Nair,Government,Retail
C03956,Rohan Davis,Government,Retail
C03957,Emily Kumar,Retail,Finance
C03958,Emily Kumar,Government,IT
C03959,Olivia Sharma,SMB,IT
C03960,Emily Thomas,Government,Healthcare
C03961,Sophia Brown,SMB,Healthcare
C03962,Divya Davis,Enterprise,Healthcare
C03963,Michael Smith,SMB,Healthcare
C03964,Liam Smith,Enterprise,Retail
C03965,Karthik Verma,Government,Retail
C03966,Vivaan Thomas,Government,IT
C03967,Liam Verma,SMB,IT
C03968,David Smith,Government,Healthcare
C03969,Sai Joshi,Retail,Healthcare
C03970,Harish Wilson,Retail,Finance
C03971,Liam Taylor,Enterprise,Healthcare
C03972,Priya Patel,Retail,Retail
C03973,Vivaan Sharma,Enterprise,Retail
C03974,Aarav Reddy,SMB,Finance
C03975,Arjun Williams,SMB,IT
C03976,Olivia Patel,Retail,Finance
C03977,Rohan Smith,Retail,Retail
C03978,Sai Nair,Government,IT
C03979,Sarah Iyer,SMB,Retail
C03980,Liam Williams,SMB,Finance
C03981,Daniel Taylor,SMB,Healthcare
C03982,Divya Gupta,Retail,IT
C03983,Sneha Iyer,Retail,Healthcare
C03984,Aarav Taylor,Government,Finance
C03985,Nisha Thomas,SMB,Finance
C03986,Karthik Joshi,Enterprise,Retail
C03987,Harish Gupta,Retail,Healthcare
C03988,Sneha Thomas,Enterprise,IT
C03989,Noah Patel,Retail,Retail
C03990,Sai Patel,Retail,Healthcare
C03991,Aarav Johnson,Enterprise,IT
C03992,Vivaan Wilson,Retail,Retail
C03993,Aditya Williams,Retail,IT
C03994,Ananya Nair,Enterprise,Healthcare
C03995,Karthik Anderson,Retail,Healthcare
C03996,Sneha Patel,Retail,IT
C03997,Rahul Reddy,Government,Retail
C03998,Sneha Sharma,Government,Retail
C03999,Rahul Johnson,Retail,Healthcare
C04000,Noah Joshi,Retail,IT
C04001,Vikram Gupta,SMB,Healthcare
C04002,Aarav Brown,Enterprise,Finance
C04003,Daniel Anderson,Government,Healthcare
C04004,Liam Johnson,Retail,Retail
C04005,Priya Brown,Enterprise,Healthcare
C04006,Kavya Davis,Enterprise,Finance
C04007,Divya Taylor,Government,Retail
C04008,Aisha Anderson,Enterprise,Healthcare
C04009,Nisha Singh,SMB,IT
C04010,Michael Wilson,Retail,IT
C04011,Aditya Sharma,Enterprise,Finance
C04012,Noah Brown,Enterprise,Finance
C04013,Noah Gupta,Enterprise,Retail
C04014,Liam Nair,Retail,IT
C04015,Sophia Kumar,Retail,Retail
C04016,Nisha Wilson,Enterprise,Retail
C04017,Sophia Gupta,Retail,Retail
C04018,Arjun Taylor,Government,Finance
C04019,Aditya Verma,SMB,Healthcare
C04020,Vivaan Williams,Government,Healthcare
C04021,Ananya Sharma,Enterprise,Healthcare
C04022,Aditya Thomas,SMB,Retail
C04023,Vivaan Anderson,SMB,Healthcare
C04024,David Singh,Enterprise,Finance
C04025,Sneha Williams,Enterprise,IT
C04026,David Smith,SMB,Healthcare
C04027,Michael Taylor,Government,Retail
C04028,Kavya Sharma,Government,Finance
C04029,Rahul Smith,Enterprise,Finance
C04030,Vikram Williams,Retail,Healthcare
C04031,Nisha Patel,Government,Finance
C04032,Sophia Reddy,Retail,Finance
C04033,Meera Wilson,Enterprise,IT
C04034,David Gupta,Enterprise,IT
C04035,Michael Joshi,Retail,Finance
C04036,Olivia Thomas,Retail,Finance
C04037,Sarah Reddy,Enterprise,Finance
C04038,Nisha Kumar,Retail,Retail
C04039,Sarah Reddy,Enterprise,Retail
C04040,Nisha Joshi,Government,IT
C04041,Harish Gupta,Retail,Healthcare
C04042,Olivia Davis,SMB,Finance
C04043,Meera Davis,Enterprise,Healthcare
C04044,Sai Wilson,Government,Retail
C04045,Meera Wilson,Retail,Healthcare
C04046,Kavya Anderson,Retail,Finance
C04047,Neha Miller,Government,Healthcare
C04048,Vikram Brown,Enterprise,Retail
C04049,Rohan Smith,SMB,Finance
C04050,John Miller,Retail,Finance
C04051,Liam Brown,Government,IT
C04052,Liam Davis,Government,Retail
C04053,Sneha Johnson,Enterprise,Finance
C04054,David Reddy,SMB,Healthcare
C04055,Noah Verma,Government,Finance
C04056,Pooja Iyer,Enterprise,IT
C04057,Pooja Thomas,SMB,IT
C04058,Sophia Taylor,Retail,Finance
C04059,Vikram Joshi,Government,Finance
C04060,Harish Patel,Retail,Retail
C04061,Priya Joshi,Retail,Finance
C04062,David Verma,Government,Retail
C04063,David Verma,SMB,Finance
C04064,Sneha Davis,SMB,IT
C04065,Vikram Davis,Government,Retail
C04066,Olivia Verma,Government,Finance
C04067,Daniel Singh,Retail,Retail
C04068,Vivaan Nair,Retail,IT
C04069,Ananya Brown,Retail,Finance
C04070,Sophia Iyer,Enterprise,IT
C04071,Rahul Smith,Government,IT
C04072,John Smith,SMB,Retail
C04073,Sarah Brown,Retail,Healthcare
C04074,Aisha Brown,Retail,Finance
C04075,Rahul Iyer,SMB,IT
C04076,Pooja Brown,Retail,IT
C04077,Aisha Sharma,Government,IT
C04078,Daniel Wilson,Enterprise,Healthcare
C04079,Nisha Wilson,Retail,Retail
C04080,David Nair,Enterprise,Retail
C04081,Rohan Nair,Government,Retail
C04082,Noah Taylor,Retail,Finance
C04083,Aarav Kumar,Government,Finance
C04084,Sneha Reddy,SMB,Healthcare
C04085,Michael Gupta,SMB,IT
C04086,Arjun Brown,SMB,Finance
C04087,Aarav Anderson,SMB,Retail
C04088,Aarav Wilson,Enterprise,Healthcare
C04089,Vikram Iyer,Enterprise,Healthcare
C04090,Sophia Smith,Enterprise,Finance
C04091,Neha Brown,Enterprise,Finance
C04092,David Johnson,Government,IT
C04093,Michael Taylor,SMB,Retail
C04094,Vivaan Williams,Retail,Finance
C04095,Sarah Taylor,Retail,Healthcare
C04096,Arjun Sharma,Retail,Healthcare
C04097,Pooja Nair,Enterprise,Retail
C04098,Sneha Anderson,Retail,IT
C04099,Sophia Singh,Enterprise,Healthcare
C04100,Neha Williams,Enterprise,Finance
C04101,David Iyer,Enterprise,Finance
C04102,Emily Anderson,Government,Healthcare
C04103,Arjun Verma,Retail,IT
C04104,Noah Johnson,Retail,Retail
C04105,Liam Joshi,Government,Retail
C04106,Sneha Wilson,Enterprise,IT
C04107,Daniel Taylor,Government,Healthcare
C04108,Noah Thomas,Enterprise,IT
C04109,Noah Patel,Government,Healthcare
C04110,Noah Reddy,Government,Healthcare
C04111,Aditya Joshi,Government,Healthcare
C04112,Noah Kumar,Government,Retail
C04113,Daniel Johnson,Retail,Healthcare
C04114,Rohan Wilson,Enterprise,IT
C04115,Noah Gupta,SMB,Healthcare
C04116,Arjun Verma,Enterprise,Finance
C04117,Neha Joshi,Government,Finance
C04118,Neha Kumar,Enterprise,IT
C04119,Karthik Sharma,Enterprise,Retail
C04120,Rohan Patel,SMB,Healthcare
C04121,David Williams,Enterprise,IT
C04122,Priya Nair,SMB,Finance
C04123,Vivaan Johnson,SMB,Retail
C04124,Sarah Singh,Government,Healthcare
C04125,Aarav Thomas,Retail,Healthcare
C04126,Sophia Patel,Government,Retail
C04127,Aditya Taylor,Government,Retail
C04128,Michael Iyer,Government,IT
C04129,Sarah Gupta,Retail,Finance
C04130,Olivia Williams,Government,Retail
C04131,Arjun Kumar,Government,Finance
C04132,Daniel Brown,Government,IT
C04133,Meera Wilson,Retail,Retail
C04134,Arjun Williams,Enterprise,Finance
C04135,Neha Singh,Retail,Retail
C04136,John Sharma,Government,Retail
C04137,Karthik Johnson,Retail,IT
C04138,Ananya Sharma,Enterprise,IT
C04139,Daniel Sharma,Enterprise,Finance
C04140,Meera Anderson,SMB,Finance
C04141,Karthik Gupta,Retail,IT
C04142,Kavya Patel,Retail,IT
C04143,Sophia Nair,Government,Healthcare
C04144,Liam Brown,SMB,Retail
C04145,Pooja Davis,Retail,IT
C04146,Sarah Singh,Enterprise,Healthcare
C04147,David Thomas,Government,Finance
C04148,Aditya Iyer,Enterprise,Retail
C04149,Olivia Williams,Government,Finance
C04150,Harish Patel,Government,Healthcare
C04151,Meera Nair,Enterprise,Retail
C04152,Daniel Kumar,Enterprise,IT
C04153,Rahul Kumar,Retail,IT
C04154,Divya Johnson,Enterprise,Healthcare
C04155,Rohan Kumar,Retail,Healthcare
C04156,Priya Brown,Enterprise,Healthcare
C04157,Sarah Johnson,SMB,Healthcare
C04158,Neha Wilson,SMB,Retail
C04159,David Taylor,Enterprise,Healthcare
C04160,Harish Singh,Enterprise,Finance
C04161,Arjun Taylor,SMB,IT
C04162,Meera Singh,Retail,Healthcare
C04163,Noah Verma,SMB,Healthcare
C04164,Harish Iyer,Enterprise,Retail
C04165,Emily Reddy,Government,IT
C04166,Pooja Brown,Retail,IT
C04167,Pooja Johnson,Enterprise,Healthcare
C04168,Harish Iyer,SMB,Retail
C04169,Vivaan Nair,Government,Healthcare
C04170,Arjun Reddy,Enterprise,Healthcare
C04171,Karthik Thomas,SMB,IT
C04172,John Kumar,Enterprise,Finance
C04173,Meera Reddy,SMB,IT
C04174,Kavya Williams,SMB,IT
C04175,Aarav Kumar,Enterprise,Retail
C04176,Meera Anderson,Retail,IT
C04177,Aisha Verma,Enterprise,IT
C04178,Aarav Davis,Retail,Finance
C04179,Meera Joshi,Retail,Retail
C04180,Divya Wilson,Retail,Retail
C04181,Meera Thomas,Government,Finance
C04182,Ananya Sharma,SMB,Healthcare
C04183,Sneha Sharma,Enterprise,Healthcare
C04184,Rohan Singh,Government,Healthcare
C04185,Arjun Singh,Retail,Finance
C04186,Sarah Taylor,Government,Healthcare
C04187,Rahul Wilson,Government,IT
C04188,Divya Nair,SMB,Finance
C04189,David Smith,Retail,IT
C04190,Olivia Iyer,SMB,IT
C04191,Sophia Miller,Retail,Healthcare
C04192,Vikram Smith,Government,Retail
C04193,Ananya Iyer,Government,Finance
C04194,Arjun Sharma,Government,Retail
C04195,Kavya Taylor,Government,IT
C04196,Sneha Miller,Government,Healthcare
C04197,Sai Davis,Retail,Healthcare
C04198,Sai Williams,Enterprise,Finance
C04199,Karthik Brown,SMB,Finance
C04200,Meera Brown,Government,Finance
C04201,Karthik Singh,Government,Healthcare
C04202,Neha Reddy,Retail,IT
C04203,Vivaan Taylor,Retail,IT
C04204,Emily Anderson,Retail,Finance
C04205,Sarah Joshi,Government,Healthcare
C04206,Karthik Davis,Enterprise,Finance
C04207,Harish Kumar,Government,Finance
C04208,Michael Patel,Enterprise,IT
C04209,Sophia Verma,Retail,Finance
C04210,Priya Anderson,Government,Finance
C04211,Michael Nair,SMB,Retail
C04212,Sarah Kumar,SMB,IT
C04213,Neha Patel,SMB,Healthcare
C04214,Rohan Gupta,Government,Retail
C04215,Kavya Joshi,Retail,IT
C04216,Sophia Gupta,Enterprise,Finance
C04217,Priya Johnson,Retail,Finance
C04218,Vivaan Brown,Enterprise,Retail
C04219,Vikram Nair,Government,Retail
C04220,Vikram Singh,SMB,IT
C04221,John Joshi,Enterprise,Healthcare
C04222,Divya Anderson,SMB,Healthcare
C04223,Sai Verma,Retail,Retail
C04224,Priya Patel,SMB,IT
C04225,Noah Kumar,Enterprise,Finance
C04226,Rohan Patel,Retail,Retail
C04227,Sarah Joshi,SMB,IT
C04228,Rohan Johnson,Enterprise,Finance
C04229,Priya Taylor,Retail,Finance
C04230,Neha Kumar,Enterprise,Retail
C04231,Karthik Nair,Government,Healthcare
C04232,Pooja Miller,Enterprise,Healthcare
C04233,Meera Verma,Retail,Healthcare
C04234,Vikram Miller,Enterprise,Healthcare
C04235,Arjun Patel,SMB,Retail
C04236,John Reddy,SMB,Retail
C04237,Neha Taylor,Enterprise,Finance
C04238,Sneha Patel,SMB,IT
C04239,Ananya Smith,SMB,Healthcare
C04240,Sophia Verma,SMB,Healthcare
C04241,Priya Sharma,Government,Healthcare
C04242,Harish Davis,Government,Healthcare
C04243,Aisha Iyer,Enterprise,Finance
C04244,Rahul Williams,Retail,IT
C04245,Aisha Smith,Government,IT
C04246,Divya Gupta,Government,Healthcare
C04247,Rohan Patel,Retail,IT
C04248,Harish Singh,Retail,Finance
C04249,Meera Iyer,Retail,Healthcare
C04250,Rohan Wilson,SMB,IT
C04251,Rahul Miller,SMB,IT
C04252,Vikram Patel,Government,Finance
C04253,Aisha Wilson,Retail,Healthcare
C04254,Aisha Wilson,Retail,Retail
C04255,Nisha Singh,Enterprise,IT
C04256,Aisha Iyer,Retail,Finance
C04257,Aditya Brown,Government,Finance
C04258,Neha Anderson,SMB,Healthcare
C04259,Aarav Kumar,Enterprise,Healthcare
C04260,Sneha Williams,Retail,IT
C04261,Emily Davis,Retail,Finance
C04262,Emily Sharma,Government,IT
C04263,Sophia Wilson,Retail,Retail
C04264,Vikram Johnson,Enterprise,IT
C04265,Nisha Miller,Retail,Retail
C04266,David Sharma,Retail,IT
C04267,Meera Patel,SMB,Healthcare
C04268,Rahul Patel,Enterprise,Finance
C04269,Kavya Davis,SMB,Healthcare
C04270,Pooja Wilson,Government,Retail
C04271,Meera Davis,Enterprise,Healthcare
C04272,Sophia Miller,Enterprise,Finance
C04273,Vikram Singh,Retail,Healthcare
C04274,Karthik Williams,Retail,IT
C04275,Neha Anderson,Enterprise,IT
C04276,John Sharma,SMB,Healthcare
C04277,Kavya Reddy,Retail,Retail
C04278,Meera Verma,Retail,IT
C04279,Neha Gupta,Retail,IT
C04280,Priya Nair,Enterprise,Finance
C04281,Sneha Kumar,Government,Retail
C04282,Divya Joshi,Enterprise,Retail
C04283,Aarav Williams,Enterprise,IT
C04284,Sarah Patel,SMB,Finance
C04285,Kavya Thomas,SMB,IT
C04286,Aisha Patel,Retail,Finance
C04287,Meera Patel,Government,Healthcare
C04288,Rohan Williams,Retail,Retail
C04289,Sai Thomas,SMB,Retail
C04290,Aisha Joshi,Government,Finance
C04291,Liam Thomas,Government,Retail
C04292,Daniel Patel,Government,IT
C04293,Aditya Johnson,Enterprise,Finance
C04294,Meera Anderson,SMB,IT
C04295,Liam Verma,Enterprise,IT
C04296,Karthik Joshi,SMB,Finance
C04297,Kavya Thomas,Retail,Healthcare
C04298,Aditya Smith,Retail,Retail
C04299,Liam Smith,Government,Finance
C04300,Vikram Gupta,Retail,Retail
C04301,Pooja Brown,Government,Finance
C04302,Divya Davis,Enterprise,Retail
C04303,Liam Singh,Government,Finance
C04304,Aarav Wilson,SMB,IT
C04305,Nisha Brown,Enterprise,Healthcare
C04306,Olivia Singh,Government,IT
C04307,Kavya Reddy,Enterprise,Healthcare
C04308,Vikram Patel,Government,IT
C04309,Sneha Thomas,Retail,IT
C04310,Pooja Davis,SMB,Finance
C04311,Karthik Wilson,Retail,Retail
C04312,Liam Taylor,SMB,Finance
C04313,Daniel Davis,Government,Healthcare
C04314,Aditya Gupta,Enterprise,Retail
C04315,Ananya Brown,Enterprise,Retail
C04316,Arjun Joshi,SMB,Retail
C04317,Vivaan Reddy,Retail,Finance
C04318,Sneha Thomas,Enterprise,Healthcare
C04319,Harish Verma,Government,Retail
C04320,Arjun Johnson,SMB,Healthcare
C04321,Aisha Gupta,SMB,Finance
C04322,Aditya Verma,Government,IT
C04323,Michael Reddy,Retail,IT
C04324,Olivia Nair,Enterprise,Finance
C04325,Meera Brown,SMB,Healthcare
C04326,Liam Kumar,SMB,Finance
C04327,Neha Williams,Enterprise,Finance
C04328,Rohan Sharma,Government,Finance
C04329,Vivaan Wilson,SMB,Finance
C04330,Aarav Iyer,Government,Finance
C04331,Sophia Miller,Retail,Healthcare
C04332,Sneha Miller,Retail,Retail
C04333,Nisha Wilson,SMB,IT
C04334,Aisha Williams,Government,Healthcare
C04335,Aisha Gupta,Government,Retail
C04336,Kavya Williams,Government,IT
C04337,Vivaan Taylor,Retail,Retail
C04338,Rohan Joshi,SMB,Finance
C04339,Liam Thomas,Enterprise,IT
C04340,Divya Wilson,SMB,Healthcare
C04341,Vikram Joshi,SMB,IT
C04342,Priya Verma,Enterprise,Retail
C04343,Sneha Verma,SMB,Retail
C04344,Liam Sharma,Retail,Retail
C04345,Aisha Anderson,Retail,Finance
C04346,Meera Joshi,Government,Healthcare
C04347,Michael Patel,Retail,Healthcare
C04348,Neha Iyer,Enterprise,Finance
C04349,Divya Gupta,SMB,IT
C04350,John Nair,Retail,IT
C04351,Rohan Johnson,Government,Retail
C04352,Aditya Anderson,Government,Finance
C04353,Aisha Sharma,SMB,Healthcare
C04354,Sophia Johnson,SMB,Retail
C04355,Daniel Brown,Government,Finance
C04356,David Kumar,Retail,Finance
C04357,David Anderson,Government,Healthcare
C04358,Aditya Gupta,Retail,IT
C04359,Liam Smith,Government,Finance
C04360,Liam Kumar,SMB,Retail
C04361,Liam Nair,Retail,Finance
C04362,John Williams,Retail,Retail
C04363,David Iyer,SMB,IT
C04364,Michael Wilson,Government,Healthcare
C04365,John Taylor,Enterprise,Finance
C04366,Karthik Singh,SMB,Healthcare
C04367,Karthik Verma,Retail,IT
C04368,Ananya Thomas,Retail,Retail
C04369,David Joshi,Government,Retail
C04370,Arjun Miller,Government,Finance
C04371,David Miller,Retail,Healthcare
C04372,Harish Kumar,Government,Healthcare
C04373,David Davis,SMB,Finance
C04374,Aisha Taylor,SMB,Finance
C04375,Michael Kumar,Government,IT
C04376,Aisha Anderson,Enterprise,Healthcare
C04377,Nisha Wilson,SMB,Finance
C04378,Noah Williams,Retail,Healthcare
C04379,Noah Miller,Retail,IT
C04380,Sai Joshi,SMB,Finance
C04381,John Patel,SMB,IT
C04382,Harish Verma,SMB,Retail
C04383,Sneha Verma,Retail,Finance
C04384,Arjun Reddy,Government,Healthcare
C04385,Rahul Iyer,SMB,Finance
C04386,Vikram Johnson,Government,IT
C04387,Aarav Johnson,Enterprise,IT
C04388,Rohan Verma,Enterprise,IT
C04389,Arjun Anderson,Retail,Healthcare
C04390,Priya Davis,SMB,Finance
C04391,Meera Kumar,Enterprise,Retail
C04392,Sneha Smith,Enterprise,Finance
C04393,Daniel Nair,Enterprise,Healthcare
C04394,Michael Joshi,Enterprise,IT
C04395,Sophia Williams,Government,Retail
C04396,Emily Singh,Government,IT
C04397,Harish Singh,Retail,Finance
C04398,Kavya Johnson,SMB,IT
C04399,Neha Kumar,SMB,Retail
C04400,Daniel Taylor,Government,Retail
C04401,Nisha Taylor,SMB,Retail
C04402,Sai Iyer,SMB,Healthcare
C04403,Sarah Iyer,SMB,IT
C04404,Aditya Taylor,Enterprise,IT
C04405,Pooja Nair,Government,Healthcare
C04406,Ananya Reddy,Government,Finance
C04407,Kavya Wilson,Retail,Finance
C04408,Harish Iyer,Government,Retail
C04409,Vivaan Anderson,Enterprise,Retail
C04410,Noah Williams,Government,IT
C04411,Vikram Anderson,Retail,Finance
C04412,Emily Gupta,Government,Finance
C04413,Emily Singh,Enterprise,IT
C04414,Emily Johnson,Enterprise,Retail
C04415,Sneha Anderson,Government,IT
C04416,Aditya Iyer,Retail,Healthcare
C04417,Nisha Patel,Enterprise,IT
C04418,Aarav Reddy,Government,IT
C04419,Sai Singh,Enterprise,IT
C04420,Rahul Davis,SMB,Healthcare
C04421,Sneha Nair,Enterprise,Healthcare
C04422,Aditya Iyer,Government,IT
C04423,Aarav Taylor,Enterprise,Finance
C04424,Ananya Reddy,Retail,Retail
C04425,Vivaan Miller,Retail,Healthcare
C04426,Vivaan Smith,Enterprise,IT
C04427,Kavya Thomas,Government,Retail
C04428,Rahul Verma,Retail,Healthcare
C04429,Rohan Miller,Enterprise,Finance
C04430,Aisha Brown,SMB,Finance
C04431,Neha Anderson,Enterprise,Finance
C04432,Sarah Iyer,Government,Healthcare
C04433,John Verma,Retail,IT
C04434,Liam Kumar,SMB,IT
C04435,Aisha Miller,Government,Finance
C04436,David Williams,SMB,Finance
C04437,Rahul Nair,Government,Finance
C04438,Olivia Sharma,SMB,Finance
C04439,Pooja Davis,Retail,IT
C04440,Aisha Anderson,SMB,IT
C04441,Aarav Iyer,Retail,IT
C04442,Aditya Johnson,Retail,Healthcare
C04443,Daniel Gupta,Government,Healthcare
C04444,Aditya Davis,Enterprise,IT
C04445,Pooja Joshi,SMB,Healthcare
C04446,Arjun Reddy,Government,Retail
C04447,Nisha Smith,Enterprise,Finance
C04448,Harish Anderson,Enterprise,Finance
C04449,Liam Singh,Government,Retail
C04450,Liam Verma,Retail,Retail
C04451,Rohan Williams,Retail,Retail
C04452,Neha Singh,Enterprise,Finance
C04453,Karthik Anderson,Retail,Finance
C04454,Pooja Singh,Retail,IT
C04455,Divya Johnson,Enterprise,Finance
C04456,Aarav Reddy,Government,IT
C04457,Michael Kumar,Retail,IT
C04458,Pooja Smith,Government,Finance
C04459,John Thomas,SMB,Healthcare
C04460,Vivaan Davis,SMB,Finance
C04461,Harish Reddy,SMB,IT
C04462,Sneha Johnson,SMB,Finance
C04463,John Johnson,Enterprise,Retail
C04464,Nisha Nair,Enterprise,IT
C04465,Liam Johnson,Government,Finance
C04466,Kavya Brown,SMB,Finance
C04467,Aditya Sharma,Enterprise,Healthcare
C04468,Michael Smith,Enterprise,IT
C04469,Noah Reddy,Government,Finance
C04470,Aisha Wilson,Enterprise,Retail
C04471,Neha Sharma,Retail,Finance
C04472,Arjun Smith,SMB,Healthcare
C04473,Nisha Miller,Enterprise,Retail
C04474,Arjun Williams,Retail,IT
C04475,Emily Sharma,Enterprise,IT
C04476,Aarav Sharma,SMB,Healthcare
C04477,Priya Kumar,Enterprise,Healthcare
C04478,Daniel Wilson,SMB,IT
C04479,Emily Verma,Enterprise,IT
C04480,Aarav Smith,SMB,Retail
C04481,Aditya Verma,Retail,Healthcare
C04482,Rahul Miller,Government,Finance
C04483,Pooja Nair,Enterprise,IT
C04484,Rohan Nair,Government,Retail
C04485,Ananya Johnson,Enterprise,Retail
C04486,Olivia Kumar,SMB,IT
C04487,Sarah Brown,Retail,Retail
C04488,Noah Taylor,Enterprise,Healthcare
C04489,Daniel Nair,SMB,IT
C04490,Divya Davis,SMB,Finance
C04491,Vikram Iyer,Enterprise,IT
C04492,Aditya Thomas,SMB,Healthcare
C04493,Vivaan Nair,Enterprise,Healthcare
C04494,Sophia Singh,Government,Retail
C04495,Vikram Kumar,Enterprise,Healthcare
C04496,Arjun Anderson,Government,Retail
C04497,Vivaan Nair,Enterprise,Retail
C04498,Karthik Patel,SMB,IT
C04499,Arjun Nair,SMB,IT
C04500,Aisha Sharma,Enterprise,IT
C04501,Rahul Reddy,Government,IT
C04502,Vivaan Smith,Enterprise,Retail
C04503,David Taylor,SMB,Healthcare
C04504,Liam Nair,Retail,IT
C04505,Liam Johnson,Retail,IT
C04506,Nisha Gupta,Government,IT
C04507,Meera Smith,Enterprise,IT
C04508,Michael Kumar,SMB,Finance
C04509,Daniel Verma,SMB,IT
C04510,Olivia Nair,Government,Finance
C04511,Aditya Patel,Retail,Finance
C04512,Kavya Anderson,SMB,Finance
C04513,Sai Brown,SMB,IT
C04514,Priya Sharma,SMB,Finance
C04515,John Smith,Government,Finance
C04516,Rohan Singh,Retail,Finance
C04517,David Davis,Retail,IT
C04518,Harish Iyer,Government,IT
C04519,Vikram Johnson,Retail,Retail
C04520,Vivaan Miller,Retail,Finance
C04521,Rohan Smith,SMB,IT
C04522,Neha Brown,Retail,Retail
C04523,Sai Singh,Retail,Finance
C04524,Sneha Patel,Government,Healthcare
C04525,Karthik Gupta,Retail,IT
C04526,Aisha Smith,Enterprise,Finance
C04527,Vivaan Reddy,Government,IT
C04528,Sophia Wilson,SMB,IT
C04529,Olivia Sharma,SMB,Healthcare
C04530,Harish Kumar,SMB,Finance
C04531,Karthik Iyer,SMB,Retail
C04532,Olivia Smith,Government,IT
C04533,Michael Brown,Government,Finance
C04534,Kavya Taylor,SMB,Finance
C04535,Sophia Smith,Retail,Retail
C04536,Vikram Sharma,Government,Retail
C04537,Noah Wilson,SMB,IT
C04538,Arjun Davis,Government,Retail
C04539,Nisha Williams,Retail,Retail
C04540,Harish Sharma,SMB,IT
C04541,Sneha Davis,Enterprise,IT
C04542,Divya Joshi,Retail,IT
C04543,Aarav Reddy,SMB,Finance
C04544,Divya Miller,Enterprise,Healthcare
C04545,Sophia Brown,Retail,Healthcare
C04546,Ananya Gupta,Government,Retail
C04547,Sophia Gupta,SMB,IT
C04548,Sneha Singh,Enterprise,Finance
C04549,Pooja Thomas,Retail,IT
C04550,Olivia Wilson,Government,Retail
C04551,Sneha Gupta,Government,Healthcare
C04552,Emily Williams,Retail,Retail
C04553,Daniel Johnson,Government,IT
C04554,Rohan Wilson,Government,Retail
C04555,Michael Davis,Enterprise,Healthcare
C04556,Daniel Thomas,SMB,Healthcare
C04557,Karthik Davis,Enterprise,Healthcare
C04558,Rahul Gupta,Government,Healthcare
C04559,Michael Sharma,Enterprise,Finance
C04560,Arjun Brown,Retail,IT
C04561,Nisha Davis,Retail,Finance
C04562,Harish Patel,Retail,Healthcare
C04563,Ananya Joshi,Enterprise,Retail
C04564,Aditya Patel,Enterprise,IT
C04565,Harish Nair,Government,IT
C04566,Sai Reddy,Enterprise,Finance
C04567,Sneha Iyer,SMB,Finance
C04568,Sophia Smith,Enterprise,Retail
C04569,Sarah Miller,SMB,Finance
C04570,Michael Smith,SMB,IT
C04571,Meera Joshi,Enterprise,Healthcare
C04572,Meera Johnson,Enterprise,Finance
C04573,Karthik Taylor,SMB,IT
C04574,Daniel Miller,Government,IT
C04575,Nisha Verma,SMB,Finance
C04576,Aisha Miller,Retail,IT
C04577,Pooja Sharma,SMB,Healthcare
C04578,Daniel Smith,Enterprise,Healthcare
C04579,John Patel,Government,Healthcare
C04580,Noah Brown,Enterprise,Healthcare
C04581,Sophia Davis,SMB,Healthcare
C04582,Harish Joshi,Government,Retail
C04583,Rahul Kumar,Government,IT
C04584,Karthik Kumar,Retail,Retail
C04585,Harish Nair,Retail,IT
C04586,Neha Wilson,SMB,IT
C04587,Daniel Reddy,Government,Healthcare
C04588,Noah Taylor,Enterprise,IT
C04589,Vikram Sharma,SMB,Retail
C04590,Sarah Nair,Retail,Healthcare
C04591,Sarah Gupta,SMB,Finance
C04592,Kavya Verma,SMB,Finance
C04593,John Kumar,Government,IT
C04594,Liam Miller,Enterprise,Healthcare
C04595,Noah Singh,Retail,Finance
C04596,Priya Miller,Retail,Retail
C04597,Vivaan Kumar,SMB,Finance
C04598,Aisha Gupta,Retail,Healthcare
C04599,Neha Anderson,Government,Finance
C04600,Divya Joshi,Retail,Finance
C04601,Daniel Brown,Retail,Retail
C04602,Olivia Williams,SMB,Healthcare
C04603,Vikram Iyer,Retail,Healthcare
C04604,Kavya Iyer,Enterprise,Retail
C04605,Aditya Wilson,Retail,Finance
C04606,Karthik Miller,Enterprise,IT
C04607,Neha Thomas,Retail,Finance
C04608,Olivia Smith,Retail,IT
C04609,Sophia Patel,SMB,IT
C04610,Rohan Sharma,Government,Healthcare
C04611,Vikram Reddy,SMB,IT
C04612,David Sharma,SMB,IT
C04613,Neha Iyer,Enterprise,IT
C04614,Karthik Johnson,SMB,Finance
C04615,Michael Nair,SMB,Retail
C04616,Aditya Williams,Retail,Healthcare
C04617,Arjun Iyer,Government,Healthcare
C04618,Sai Thomas,Retail,Healthcare
C04619,Neha Davis,Enterprise,Retail
C04620,Arjun Gupta,Retail,Retail
C04621,Sophia Iyer,Government,Retail
C04622,Rahul Taylor,Enterprise,Finance
C04623,Aditya Kumar,Enterprise,Retail
C04624,Karthik Kumar,Government,Healthcare
C04625,Karthik Brown,Retail,Finance
C04626,Sai Anderson,Retail,Finance
C04627,Divya Anderson,SMB,Retail
C04628,Ananya Smith,SMB,Healthcare
C04629,Rahul Miller,Retail,Healthcare
C04630,Sophia Williams,Enterprise,Finance
C04631,Sai Miller,Enterprise,Retail
C04632,Sai Davis,Government,Healthcare
C04633,Aditya Thomas,Retail,Finance
C04634,Daniel Johnson,Government,Finance
C04635,Neha Nair,Enterprise,IT
C04636,Michael Anderson,Government,Finance
C04637,Rohan Gupta,Enterprise,Healthcare
C04638,Rohan Iyer,Retail,IT
C04639,Vivaan Anderson,Government,IT
C04640,Priya Singh,Enterprise,Healthcare
C04641,Karthik Gupta,SMB,Healthcare
C04642,Divya Nair,Enterprise,Retail
C04643,Aditya Patel,Government,IT
C04644,Olivia Miller,Retail,IT
C04645,David Kumar,Government,IT
C04646,Sophia Singh,Enterprise,Retail
C04647,John Brown,Enterprise,Healthcare
C04648,Kavya Kumar,SMB,Retail
C04649,Aisha Nair,SMB,IT
C04650,Nisha Kumar,SMB,Finance
C04651,Rohan Miller,Retail,IT
C04652,John Kumar,Government,IT
C04653,Harish Verma,Government,Retail
C04654,Aarav Iyer,Enterprise,IT
C04655,Sophia Brown,Government,IT
C04656,Aisha Johnson,Government,Retail
C04657,Emily Patel,Retail,Finance
C04658,Priya Anderson,SMB,Finance
C04659,Noah Kumar,Retail,Finance
C04660,Ananya Smith,Enterprise,Finance
C04661,David Verma,Retail,Finance
C04662,Ananya Brown,Retail,Finance
C04663,Sophia Johnson,Enterprise,IT
C04664,Meera Joshi,Government,Retail
C04665,Emily Anderson,SMB,Finance
C04666,Pooja Gupta,Government,Finance
C04667,Ananya Reddy,Enterprise,Retail
C04668,Karthik Reddy,Retail,Retail
C04669,Kavya Nair,SMB,Finance
C04670,Nisha Gupta,Government,Finance
C04671,Sarah Reddy,Government,Retail
C04672,Daniel Brown,Retail,IT
C04673,Aisha Smith,Government,Finance
C04674,Neha Miller,SMB,IT
C04675,Olivia Brown,Retail,IT
C04676,Sneha Davis,Retail,IT
C04677,Harish Williams,Government,Finance
C04678,Vivaan Wilson,SMB,Finance
C04679,Arjun Singh,SMB,Finance
C04680,Sarah Davis,SMB,IT
C04681,Daniel Smith,Enterprise,IT
C04682,Olivia Verma,Enterprise,Finance
C04683,Sophia Davis,SMB,IT
C04684,Neha Iyer,Enterprise,Retail
C04685,Sai Sharma,SMB,IT
C04686,Harish Kumar,Enterprise,Retail
C04687,Noah Joshi,SMB,Retail
C04688,Priya Anderson,Retail,Finance
C04689,Vikram Thomas,Retail,Finance
C04690,Pooja Sharma,SMB,Healthcare
C04691,Meera Taylor,Government,Healthcare
C04692,Rahul Miller,Enterprise,IT
C04693,Aditya Smith,Retail,Healthcare
C04694,John Thomas,SMB,Retail
C04695,Michael Gupta,SMB,IT
C04696,Vikram Patel,Retail,IT
C04697,Sai Joshi,Retail,IT
C04698,Aisha Davis,Government,Finance
C04699,Aisha Kumar,Government,Retail
C04700,Kavya Singh,Government,Retail
C04701,Liam Wilson,Government,Finance
C04702,Aarav Iyer,Retail,Healthcare
C04703,Ananya Nair,Government,IT
C04704,Aarav Johnson,SMB,Healthcare
C04705,Kavya Sharma,Government,Healthcare
C04706,Divya Miller,Retail,Healthcare
C04707,John Anderson,SMB,Healthcare
C04708,Aditya Johnson,SMB,Retail
C04709,Ananya Smith,Retail,Retail
C04710,Michael Kumar,Retail,Retail
C04711,Meera Singh,SMB,IT
C04712,Sai Singh,Government,Retail
C04713,Noah Iyer,Enterprise,IT
C04714,Olivia Reddy,Retail,IT
C04715,Divya Anderson,Retail,Healthcare
C04716,Arjun Nair,Enterprise,IT
C04717,Michael Gupta,Retail,Finance
C04718,Pooja Taylor,Retail,IT
C04719,Aarav Reddy,Government,Healthcare
C04720,Sophia Brown,Government,IT
C04721,Aarav Sharma,Government,Finance
C04722,Ananya Wilson,Retail,IT
C04723,Divya Davis,Retail,Retail
C04724,Priya Kumar,Enterprise,Healthcare
C04725,Pooja Nair,Enterprise,Finance
C04726,Pooja Miller,Enterprise,Retail
C04727,Michael Taylor,SMB,IT
C04728,Meera Miller,Retail,Retail
C04729,Emily Sharma,Enterprise,IT
C04730,Neha Taylor,Retail,Healthcare
C04731,Priya Taylor,Government,IT
C04732,Kavya Wilson,Government,Finance
C04733,Harish Nair,Retail,IT
C04734,Sophia Taylor,Retail,IT
C04735,Emily Patel,SMB,Finance
C04736,Aditya Davis,Government,IT
C04737,Nisha Anderson,SMB,Finance
C04738,Divya Sharma,Enterprise,Healthcare
C04739,John Miller,Enterprise,Retail
C04740,Aarav Nair,Enterprise,Finance
C04741,Rahul Wilson,Government,Healthcare
C04742,Arjun Sharma,Government,IT
C04743,Sarah Davis,Retail,Healthcare
C04744,Karthik Smith,Government,Retail
C04745,Sneha Williams,Enterprise,IT
C04746,Pooja Kumar,Retail,Finance
C04747,Aisha Smith,Enterprise,Healthcare
C04748,Sophia Taylor,Retail,Retail
C04749,Rohan Anderson,Retail,Retail
C04750,Aisha Verma,Enterprise,Finance
C04751,Sneha Anderson,SMB,Healthcare
C04752,Vivaan Gupta,Government,IT
C04753,Aditya Kumar,SMB,IT
C04754,Pooja Brown,Government,Finance
C04755,Divya Patel,SMB,Healthcare
C04756,David Brown,Government,Finance
C04757,Kavya Nair,Government,Finance
C04758,Kavya Joshi,SMB,Finance
C04759,Sai Reddy,Retail,Healthcare
C04760,Aditya Kumar,Government,Finance
C04761,Harish Williams,Enterprise,Retail
C04762,Meera Patel,Retail,IT
C04763,Meera Gupta,Enterprise,Healthcare
C04764,David Johnson,Government,IT
C04765,Sarah Iyer,Enterprise,IT
C04766,Michael Thomas,Retail,IT
C04767,Sarah Reddy,Government,Healthcare
C04768,Vikram Williams,Enterprise,Retail
C04769,Kavya Iyer,Enterprise,IT
C04770,Meera Kumar,SMB,Healthcare
C04771,Pooja Patel,Government,IT
C04772,Sneha Verma,Retail,Retail
C04773,Aarav Patel,Retail,Retail
C04774,John Gupta,SMB,IT
C04775,Harish Singh,Enterprise,Healthcare
C04776,Michael Johnson,Government,IT
C04777,Neha Anderson,Retail,Healthcare
C04778,Vivaan Iyer,Retail,Retail
C04779,Karthik Sharma,Government,Healthcare
C04780,Sai Smith,Enterprise,Retail
C04781,Liam Joshi,Retail,Healthcare
C04782,Pooja Reddy,Retail,Retail
C04783,Pooja Joshi,Enterprise,Retail
C04784,Meera Taylor,Government,Healthcare
C04785,Olivia Kumar,Retail,IT
C04786,Daniel Wilson,SMB,IT
C04787,Aisha Iyer,SMB,Healthcare
C04788,Karthik Verma,SMB,Healthcare
C04789,Rohan Thomas,Enterprise,Retail
C04790,Vivaan Smith,Enterprise,Finance
C04791,Aditya Miller,Enterprise,Healthcare
C04792,Noah Sharma,Enterprise,Retail
C04793,Sarah Patel,Retail,Healthcare
C04794,Aditya Iyer,Retail,IT
C04795,Harish Nair,Enterprise,Healthcare
C04796,David Wilson,SMB,IT
C04797,Ananya Smith,Enterprise,IT
C04798,Meera Brown,SMB,Finance
C04799,Rahul Anderson,Government,Retail
C04800,Sophia Anderson,Retail,Retail
C04801,Vikram Reddy,SMB,Finance
C04802,Sneha Sharma,Government,Finance
C04803,Pooja Verma,Retail,Finance
C04804,Priya Thomas,Government,Finance
C04805,Pooja Sharma,Enterprise,Healthcare
C04806,Aarav Taylor,SMB,IT
C04807,John Verma,Enterprise,Retail
C04808,Aisha Kumar,Enterprise,Retail
C04809,Arjun Anderson,SMB,Finance
C04810,Aditya Iyer,Enterprise,Retail
C04811,Neha Taylor,SMB,Finance
C04812,Neha Gupta,Government,Retail
C04813,Sarah Sharma,Government,IT
C04814,John Sharma,Enterprise,IT
C04815,Daniel Reddy,Retail,Finance
C04816,John Smith,SMB,Retail
C04817,Nisha Thomas,SMB,Retail
C04818,David Wilson,Enterprise,Healthcare
C04819,Aisha Brown,Government,Healthcare
C04820,Priya Johnson,Government,Retail
C04821,Rahul Reddy,Government,IT
C04822,Nisha Gupta,Retail,Retail
C04823,Sophia Johnson,Retail,IT
C04824,Aditya Nair,Enterprise,Retail
C04825,John Joshi,Enterprise,Retail
C04826,Vikram Iyer,Government,Healthcare
C04827,Sarah Wilson,Enterprise,Finance
C04828,Karthik Thomas,SMB,Retail
C04829,Aisha Nair,Government,Finance
C04830,John Miller,Enterprise,IT
C04831,Aisha Nair,SMB,Healthcare
C04832,Kavya Davis,Retail,Healthcare
C04833,Kavya Miller,Retail,Healthcare
C04834,Aarav Taylor,Retail,Healthcare
C04835,Rahul Patel,SMB,Retail
C04836,David Davis,Retail,Retail
C04837,Karthik Miller,Government,IT
C04838,Daniel Taylor,Enterprise,IT
C04839,Neha Iyer,Retail,Retail
C04840,Pooja Johnson,SMB,IT
C04841,Arjun Smith,SMB,Healthcare
C04842,Kavya Patel,Retail,Healthcare
C04843,Vivaan Davis,Retail,Retail
C04844,Olivia Wilson,Retail,Healthcare
C04845,Neha Iyer,SMB,Retail
C04846,Sarah Sharma,Retail,Healthcare
C04847,Kavya Sharma,Enterprise,Finance
C04848,Arjun Brown,SMB,Retail
C04849,Divya Kumar,Enterprise,Retail
C04850,Michael Kumar,Retail,Retail
C04851,Aditya Gupta,SMB,Finance
C04852,Olivia Singh,Enterprise,IT
C04853,Divya Patel,SMB,Healthcare
C04854,Sophia Anderson,Retail,Healthcare
C04855,Meera Wilson,SMB,Healthcare
C04856,Aisha Patel,Retail,Finance
C04857,Rohan Williams,Government,Finance
C04858,Vikram Smith,SMB,Finance
C04859,Noah Miller,Enterprise,Healthcare
C04860,Sarah Joshi,Retail,Finance
C04861,Meera Anderson,Retail,Finance
C04862,Olivia Wilson,Retail,IT
C04863,Rahul Joshi,Government,Finance
C04864,David Sharma,SMB,Finance
C04865,Rahul Johnson,SMB,Finance
C04866,Pooja Nair,Enterprise,Retail
C04867,Pooja Anderson,SMB,Healthcare
C04868,Daniel Singh,Enterprise,Finance
C04869,Arjun Johnson,Government,Finance
C04870,Karthik Joshi,SMB,Retail
C04871,John Sharma,Enterprise,IT
C04872,Olivia Brown,SMB,Finance
C04873,Pooja Nair,Enterprise,IT
C04874,Neha Singh,Government,Finance
C04875,Rohan Verma,Retail,Finance
C04876,Vikram Davis,Government,Finance
C04877,Harish Joshi,SMB,Healthcare
C04878,Arjun Smith,SMB,IT
C04879,Vikram Sharma,Enterprise,Finance
C04880,John Kumar,Enterprise,Healthcare
C04881,Liam Miller,Enterprise,Finance
C04882,Sai Kumar,SMB,Healthcare
C04883,Liam Brown,SMB,Retail
C04884,Sneha Miller,SMB,Retail
C04885,Meera Sharma,Retail,IT
C04886,Priya Patel,Retail,Finance
C04887,Ananya Johnson,Enterprise,Healthcare
C04888,Aditya Joshi,Government,IT
C04889,Daniel Singh,Retail,IT
C04890,Harish Kumar,Retail,IT
C04891,Rohan Kumar,Enterprise,Finance
C04892,Pooja Verma,Government,Finance
C04893,Aisha Davis,Government,Retail
C04894,Olivia Anderson,SMB,IT
C04895,Neha Patel,SMB,IT
C04896,Nisha Thomas,Government,Finance
C04897,Aditya Miller,Enterprise,Retail
C04898,Aditya Verma,Enterprise,Finance
C04899,Meera Williams,Retail,IT
C04900,Priya Patel,Retail,Healthcare
C04901,Liam Johnson,SMB,Healthcare
C04902,Neha Brown,SMB,IT
C04903,Rahul Thomas,Enterprise,Healthcare
C04904,Sneha Reddy,Retail,IT
C04905,Aisha Williams,Enterprise,Finance
C04906,Sai Anderson,Enterprise,Finance
C04907,Aarav Smith,Enterprise,IT
C04908,Karthik Singh,SMB,IT
C04909,Liam Brown,SMB,Finance
C04910,Noah Singh,Retail,Healthcare
C04911,Daniel Taylor,Retail,Finance
C04912,Daniel Iyer,SMB,Retail
C04913,Aditya Anderson,Retail,Retail
C04914,Aisha Iyer,Government,Finance
C04915,Sai Smith,Government,IT
C04916,Karthik Joshi,SMB,IT
C04917,Harish Verma,Government,IT
C04918,Karthik Wilson,Enterprise,Retail
C04919,Liam Anderson,SMB,Healthcare
C04920,Sneha Joshi,Government,Finance
C04921,Sarah Wilson,Enterprise,Retail
C04922,Pooja Reddy,Enterprise,Retail
C04923,Divya Reddy,Government,IT
C04924,Priya Wilson,Enterprise,IT
C04925,Divya Patel,Enterprise,Healthcare
C04926,Vivaan Singh,Enterprise,Retail
C04927,Vikram Kumar,Enterprise,Retail
C04928,Sophia Taylor,Enterprise,Healthcare
C04929,Aditya Iyer,Retail,Finance
C04930,Ananya Brown,SMB,Finance
C04931,Sarah Williams,Government,Retail
C04932,Priya Joshi,SMB,Finance
C04933,Ananya Johnson,Enterprise,Retail
C04934,Harish Davis,Retail,Healthcare
C04935,Olivia Wilson,Retail,Finance
C04936,Arjun Brown,Enterprise,Retail
C04937,Sophia Taylor,SMB,Retail
C04938,Nisha Thomas,Retail,IT
C04939,Nisha Smith,Retail,IT
C04940,Divya Thomas,Government,Retail
C04941,Neha Nair,SMB,IT
C04942,David Wilson,Government,Finance
C04943,Karthik Sharma,Enterprise,Healthcare
C04944,Meera Thomas,SMB,Finance
C04945,Arjun Verma,Enterprise,Retail
C04946,Divya Iyer,Government,Retail
C04947,Sneha Patel,SMB,Retail
C04948,John Nair,Retail,Finance
C04949,Noah Gupta,Enterprise,Healthcare
C04950,Meera Gupta,SMB,Retail
C04951,Daniel Johnson,Government,Healthcare
C04952,Harish Gupta,Retail,IT
C04953,Aditya Davis,Enterprise,Retail
C04954,Priya Iyer,SMB,Finance
C04955,Divya Iyer,Government,Retail
C04956,Olivia Anderson,Government,Healthcare
C04957,Aditya Kumar,Enterprise,Healthcare
C04958,Sai Reddy,SMB,Finance
C04959,John Wilson,SMB,Healthcare
C04960,David Kumar,Retail,Retail
C04961,David Miller,Government,Healthcare
C04962,Meera Taylor,Retail,IT
C04963,Sai Wilson,Government,Retail
C04964,Meera Singh,SMB,IT
C04965,Vikram Miller,Enterprise,Retail
C04966,Arjun Williams,Retail,Retail
C04967,Vikram Gupta,Government,Healthcare
C04968,Ananya Taylor,Retail,Finance
C04969,Neha Patel,Government,Retail
C04970,Sarah Sharma,Retail,Healthcare
C04971,Neha Joshi,Enterprise,Finance
C04972,Arjun Brown,SMB,Healthcare
C04973,John Kumar,SMB,Retail
C04974,Sneha Gupta,Enterprise,Retail
C04975,Pooja Singh,Enterprise,IT
C04976,Daniel Sharma,Enterprise,Finance
C04977,Harish Kumar,Government,Retail
C04978,Arjun Kumar,Retail,IT
C04979,Sarah Anderson,Government,Retail
C04980,Vivaan Smith,Government,IT
C04981,Sophia Nair,Government,Finance
C04982,Olivia Johnson,SMB,Healthcare
C04983,Sai Johnson,SMB,Healthcare
C04984,Neha Brown,Retail,Finance
C04985,Ananya Singh,Retail,IT
C04986,Nisha Gupta,Enterprise,Finance
C04987,Olivia Kumar,SMB,Retail
C04988,Arjun Sharma,Retail,IT
C04989,David Taylor,Retail,Healthcare
C04990,Arjun Joshi,Enterprise,Healthcare
C04991,Rahul Joshi,SMB,Finance
C04992,Nisha Wilson,Government,Healthcare
C04993,David Wilson,Retail,IT
C04994,Michael Gupta,Retail,IT
C04995,Nisha Kumar,SMB,Finance
C04996,Ananya Williams,Enterprise,Retail
C04997,Ananya Kumar,Retail,Finance
C04998,Daniel Smith,Retail,Retail
C04999,Karthik Joshi,Retail,IT
C05000,Olivia Johnson,SMB,Retail
